Index,Symbol,Name
0,AUDUSD=X,AUD/USD
1,AUDCHF=X,AUD/CHF
2,AUDNZD=X,AUD/NZD
3,AUDEUR=X,AUD/EUR
4,AUDTWD=X,AUD/TWD
5,AUDMXN=X,AUD/MXN
6,AUDJPY=X,AUD/JPY
7,NZDJPY=X,NZD/JPY
8,EURXAF=X,EUR/XAF
9,EURPEN=X,EUR/PEN
10,EURBDT=X,EUR/BDT
11,CAD=X,USD/CAD
12,AZNUSD=X,AZN/USD
13,AZNCHF=X,AZN/CHF
14,AUDSCR=X,AUD/SCR
15,AUDMOP=X,AUD/MOP
16,AUDKRW=X,AUD/KRW
17,AUDHNL=X,AUD/HNL
18,AUDGIP=X,AUD/GIP
19,AUDGBP=X,AUD/GBP
20,AUDCZK=X,AUD/CZK
21,AUDCLP=X,AUD/CLP
22,AUDCAD=X,AUD/CAD
23,ARSKRW=X,ARS/KRW
24,ARSGBP=X,ARS/GBP
25,ALLGBP=X,ALL/GBP
26,AEDTWD=X,AED/TWD
27,AEDSEK=X,AED/SEK
28,AEDQAR=X,AED/QAR
29,AEDOMR=X,AED/OMR
30,AEDMXN=X,AED/MXN
31,AEDMAD=X,AED/MAD
32,AEDLTL=X,AED/LTL
33,AEDKWD=X,AED/KWD
34,AEDHKD=X,AED/HKD
35,AEDCNY=X,AED/CNY
36,AEDAUD=X,AED/AUD
37,AEDKRW=X,AED/KRW
38,AEDUSD=X,AED/USD
39,ARSCOP=X,ARS/COP
40,AUDRON=X,AUD/RON
41,ARSUSD=X,ARS/USD
42,AEDISK=X,AED/ISK
43,AEDLVL=X,AED/LVL
44,EURUYU=X,EUR/UYU
45,EUR-BDT.F,EUR-BDT.F
46,AEDPHP=X,AED/PHP
47,AEDCAD=X,AED/CAD
48,AUDBMD=X,AUD/BMD
49,ARSCLP=X,ARS/CLP
50,AWG=X,USD/AWG
51,AUDVEF=X,AUD/VEF
52,ANGEUR=X,ANG/EUR
53,AEDSGD=X,AED/SGD
54,AEDKES=X,AED/KES
55,AEDNZD=X,AED/NZD
56,ANGZAR=X,ANG/ZAR
57,EUR-TRY.F,EUR-TRY.F
58,ARSHKD=X,ARS/HKD
59,AUDMAD=X,AUD/MAD
60,AUDTND=X,AUD/TND
61,AUDMGA=X,AUD/MGA
62,AUD=X,USD/AUD
63,AUDILS=X,AUD/ILS
64,ARSMXN=X,ARS/MXN
65,AUDOMR=X,AUD/OMR
66,ARSVEF=X,ARS/VEF
67,AUDRUB=X,AUD/RUB
68,AUDLVL=X,AUD/LVL
69,AEDBHD=X,AED/BHD
70,EURJOD=X,EUR/JOD
71,ALLEUR=X,ALL/EUR
72,AUDBWP=X,AUD/BWP
73,AUDGHS=X,AUD/GHS
74,AUDCRC=X,AUD/CRC
75,ANGCHF=X,ANG/CHF
76,EUR-KZT.F,EUR-KZT.F
77,AUDIDR=X,AUD/IDR
78,AUDQAR=X,AUD/QAR
79,AFN=X,USD/AFN
80,EUR-PEN.F,EUR-PEN.F
81,AUDSYP=X,AUD/SYP
82,AEDCZK=X,AED/CZK
83,ARSPYG=X,ARS/PYG
84,AEDNOK=X,AED/NOK
85,AUDPLN=X,AUD/PLN
86,EUR-MUR.F,EUR-MUR.F
87,AUDINR=X,AUD/INR
88,AEDTND=X,AED/TND
89,AEDXDR=X,AED/XDR
90,AUDXCD=X,AUD/XCD
91,EUR-BWP.F,EUR-BWP.F
92,EUR-COP.F,EUR-COP.F
93,AUDTTD=X,AUD/TTD
94,AUDANG=X,AUD/ANG
95,AUDFJD=X,AUD/FJD
96,AEDPKR=X,AED/PKR
97,AUDEGP=X,AUD/EGP
98,ALLUSD=X,ALL/USD
99,AUDHKD=X,AUD/HKD
100,AUDKYD=X,AUD/KYD
101,AEDTRY=X,AED/TRY
102,AEDTHB=X,AED/THB
103,AEDRUB=X,AED/RUB
104,AUDBHD=X,AUD/BHD
105,AEDPLN=X,AED/PLN
106,EURKES=X,EUR/KES
107,AEDGBP=X,AED/GBP
108,AUDDOP=X,AUD/DOP
109,AUDSGD=X,AUD/SGD
110,EURBZD=X,EUR/BZD
111,EUR-HRK.F,EUR/HRK
112,EUR-LBP.F,EUR-LBP.F
113,AUDUYU=X,AUD/UYU
114,AUDMUR=X,AUD/MUR
115,EUR-KES.F,EUR-KES.F
116,AEDILS=X,AED/ILS
117,EURKZT=X,EUR/KZT
118,AUDERN=X,AUD/ERN
119,EURTRY=X,EUR/TRY
120,AUDLTL=X,AUD/LTL
121,ARSUYU=X,ARS/UYU
122,EURCOP=X,EUR/COP
123,AOAUSD=X,AOA/USD
124,AFNCHF=X,AFN/CHF
125,AUDCNH=X,AUD/CNH
126,ARSPEN=X,ARS/PEN
127,EUR-BMD.F,EUR-BMD.F
128,ARSCHF=X,ARS/CHF
129,AZN=X,USD/AZN
130,AUDAED=X,AUD/AED
131,AUDMYR=X,AUD/MYR
132,AUDNOK=X,AUD/NOK
133,EURBWP=X,EUR/BWP
134,AUDBZD=X,AUD/BZD
135,ARSBRL=X,ARS/BRL
136,ANGGBP=X,ANG/GBP
137,EUR-BOB.F,EUR-BOB.F
138,EUR-UYU.F,EUR-UYU.F
139,AUDSAR=X,AUD/SAR
140,AZNGBP=X,AZN/GBP
141,AUDLKR=X,AUD/LKR
142,AEDLKR=X,AED/LKR
143,AEDHUF=X,AED/HUF
144,AUDGTQ=X,AUD/GTQ
145,AEDEUR=X,AED/EUR
146,AUDXDR=X,AUD/XDR
147,AEDJPY=X,AED/JPY
148,AEDINR=X,AED/INR
149,AUDHUF=X,AUD/HUF
150,AMD=X,USD/AMD
151,AUDRSD=X,AUD/RSD
152,AEDMUR=X,AED/MUR
153,AUDPYG=X,AUD/PYG
154,ARSAUD=X,ARS/AUD
155,ARSJPY=X,ARS/JPY
156,AOAGBP=X,AOA/GBP
157,AUDHRK=X,AUD/HRK
158,CNY=X,USD/CNY
159,AUDXPF=X,AUD/XPF
160,ARSBOB=X,ARS/BOB
161,EURBMD=X,EUR/BMD
162,AWGCHF=X,AWG/CHF
163,ANGSRD=X,ANG/SRD
164,ARSCAD=X,ARS/CAD
165,ARS=X,USD/ARS
166,AUDPHP=X,AUD/PHP
167,ANG=X,USD/ANG
168,AEDZAR=X,AED/ZAR
169,ARSEUR=X,ARS/EUR
170,IACWE.PA,SPDR ACWE INAV
171,AED=X,USD/AED
172,AUDJOD=X,AUD/JOD
173,EUR-BZD.F,EUR-BZD.F
174,AEDEGP=X,UAE Dirham (b) vs Egyptian Poun
175,AUDTJS=X,AUD/TJS
176,EUR-ZMK.F,EUR-ZMK.F
177,AWGEUR=X,AWG/EUR
178,ANGCAD=X,ANG/CAD
179,AUDPKR=X,AUD/PKR
180,AEDJOD=X,AED/JOD
181,ARSTHB=X,ARS/THB
182,EURHRK=X,EUR/HRK
183,EURLBP=X,EUR/LBP
184,ARSDKK=X,ARS/DKK
185,AWGGBP=X,AWG/GBP
186,AUDTHB=X,AUD/THB
187,AUDBOB=X,AUD/BOB
188,EUR-XAF.F,EUR-XAF.F
189,AFNUSD=X,AFN/USD
190,AUDJMD=X,AUD/JMD
191,AEDSAR=X,AED/SAR
192,AUDKWD=X,AUD/KWD
193,AOA=X,USD/AOA
194,AUDISK=X,AUD/ISK
195,EURMUR=X,EUR/MUR
196,AUDDKK=X,AUD/DKK
197,AUDKES=X,AUD/KES
198,AEDDKK=X,AED/DKK
199,ARSSGD=X,ARS/SGD
200,EUR-JOD.F,EUR-JOD.F
201,AEDIDR=X,AED/IDR
202,AUDTMT=X,AUD/TMT
203,AUDUGX=X,AUD/UGX
204,AUDBRL=X,AUD/BRL
205,AOACHF=X,AOA/CHF
206,AUDARS=X,AUD/ARS
207,AUDAWG=X,AUD/AWG
208,AUDCNY=X,AUD/CNY
209,AWGUSD=X,AWG/USD
210,EURBOB=X,EUR/BOB
211,AUDZAR=X,AUD/ZAR
212,AEDCHF=X,AED/CHF
213,AUDPEN=X,AUD/PEN
214,AEDIQD=X,AED/IQD
215,AUDBAM=X,AUD/BAM
216,AOAEUR=X,AOA/EUR
217,ANGUSD=X,ANG/USD
218,AZNEUR=X,AZN/EUR
219,AUDBBD=X,AUD/BBD
220,AUDSVC=X,AUD/SVC
221,AUDCOP=X,AUD/COP
222,ALL=X,USD/ALL
223,AFNEUR=X,AFN/EUR
224,ALLCHF=X,ALL/CHF
225,AUDBSD=X,AUD/BSD
226,AUDTRY=X,AUD/TRY
227,AUDSEK=X,AUD/SEK
228,BTCUSD=X,Bitcoin USD
229,BWPMAD=X,BWP/MAD
230,BWPKYD=X,BWP/KYD
231,BWPISK=X,BWP/ISK
232,BWPINR=X,BWP/INR
233,BWPIDR=X,BWP/IDR
234,BWPFJD=X,BWP/FJD
235,BWPEUR=X,BWP/EUR
236,BWPBDT=X,BWP/BDT
237,BRLINR=X,BRL/INR
238,BOBVEF=X,BOB/VEF
239,BOBUSD=X,BOB/USD
240,BOBPEN=X,BOB/PEN
241,BOBCOP=X,BOB/COP
242,BOBCHF=X,BOB/CHF
243,BMDUSD=X,BMD/USD
244,BMD=X,USD/BMD
245,BHDOMR=X,BHD/OMR
246,BHDJPY=X,BHD/JPY
247,BHDEUR=X,BHD/EUR
248,BHDCHF=X,BHD/CHF
249,BHDAED=X,BHD/AED
250,BBDDKK=X,BBD/DKK
251,BWPNGN=X,BWP/NGN
252,BWPTOP=X,BWP/TOP
253,BWPGBP=X,BWP/GBP
254,BTN=X,USD/BTN
255,BWPHUF=X,BWP/HUF
256,BND=X,USD/BND
257,BNDGBP=X,BND/GBP
258,BRLCAD=X,BRL/CAD
259,BRLRUB=X,BRL/RUB
260,BWPMUR=X,BWP/MUR
261,BAMGBP=X,BAM/GBP
262,BTNUSD=X,BTN/USD
263,BRLPEN=X,BRL/PEN
264,BWPTRY=X,BWP/TRY
265,BWPSEK=X,BWP/SEK
266,BMDDKK=X,BMD/DKK
267,BWPAUD=X,BWP/AUD
268,BWPXDR=X,BWP/XDR
269,BHDXDR=X,BHD/XDR
270,BWPRUB=X,BWP/RUB
271,BRLCHF=X,BRL/CHF
272,BOB=X,USD/BOB
273,BMDGBP=X,BMD/GBP
274,BRLDKK=X,BRL/DKK
275,BWPCHF=X,BWP/CHF
276,BRLMYR=X,BRL/MYR
277,BDTHKD=X,BDT/HKD
278,BDTCAD=X,BDT/CAD
279,BWPKES=X,BWP/KES
280,BWPCNY=X,BWP/CNY
281,BWPMYR=X,BWP/MYR
282,BRLHKD=X,BRL/HKD
283,BHDNZD=X,BHD/NZD
284,BRLTHB=X,BRL/THB
285,BWPPGK=X,BWP/PGK
286,BWPRSD=X,BWP/RSD
287,BAMEUR=X,BAM/EUR
288,BBDUSD=X,BBD/USD
289,BHDSAR=X,BHD/SAR
290,BWPZMW=X,BWP/ZMW
291,BWPBMD=X,BWP/BMD
292,BZDGBP=X,BZD/GBP
293,BWPOMR=X,BWP/OMR
294,BRLCNY=X,BRL/CNY
295,GDEBM.MDD,GDEBM.MDD
296,BWPRON=X,BWP/RON
297,BGNGBP=X,BGN/GBP
298,BOBUYU=X,BOB/UYU
299,BRLTRY=X,BRL/TRY
300,BHD=X,USD/BHD
301,BNDIDR=X,BND/IDR
302,BWPNOK=X,BWP/NOK
303,BTNGBP=X,BTN/GBP
304,BRLEUR=X,BRL/EUR
305,BWPTZS=X,BWP/TZS
306,BOBBRL=X,BOB/BRL
307,BZDCHF=X,BZD/CHF
308,BWPCLF=X,BWP/CLF
309,BWPBGN=X,BWP/BGN
310,BSDCAD=X,BSD/CAD
311,BNDUSD=X,BND/USD
312,BWPMWK=X,BWP/MWK
313,BWPZAR=X,BWP/ZAR
314,BWPHKD=X,BWP/HKD
315,BZD=X,USD/BZD
316,BWP=X,USD/BWP
317,BRLUYU=X,BRL/UYU
318,BGNCHF=X,BGN/CHF
319,BWPBHD=X,BWP/BHD
320,BBDEUR=X,BBD/EUR
321,BWPNAD=X,BWP/NAD
322,BIF=X,USD/BIF
323,BRLZAR=X,BRL/ZAR
324,BAMCHF=X,BAM/CHF
325,BDTSGD=X,BDT/SGD
326,BOBMXN=X,BOB/MXN
327,BWPKZT=X,BWP/KZT
328,BDT=X,USD/BDT
329,BWPXOF=X,BWP/XOF
330,BRLSGD=X,BRL/SGD
331,BSDGBP=X,BSD/GBP
332,BWPJOD=X,BWP/JOD
333,BBDCHF=X,BBD/CHF
334,BRLARS=X,BRL/ARS
335,BWPJPY=X,BWP/JPY
336,BNDCHF=X,BND/CHF
337,BRLILS=X,BRL/ILS
338,BWPPEN=X,BWP/PEN
339,BZDEUR=X,BZD/EUR
340,BWPPKR=X,BWP/PKR
341,BWPSGD=X,BWP/SGD
342,BMS.PA,BMS.PA
343,BWPAED=X,BWP/AED
344,BRLCOP=X,BRL/COP
345,BRLIDR=X,BRL/IDR
346,BWPCOP=X,BWP/COP
347,BWPKWD=X,BWP/KWD
348,BNDXDR=X,BND/XDR
349,BHDPKR=X,BHD/PKR
350,BNDDKK=X,BND/DKK
351,BWPCNH=X,BWP/CNH
352,BGNPLN=X,BGN/PLN
353,BHDUSD=X,BHD/USD
354,BHDQAR=X,BHD/QAR
355,BBDGBP=X,BBD/GBP
356,BWPCZK=X,BWP/CZK
357,BWPTHB=X,BWP/THB
358,BYR=X,USD/BYR
359,BWPLKR=X,BWP/LKR
360,BDTUSD=X,BDT/USD
361,BHDHKD=X,BHD/HKD
362,BWPSBD=X,BWP/SBD
363,BRLMXN=X,BRL/MXN
364,BWPKRW=X,BWP/KRW
365,BWPUGX=X,BWP/UGX
366,BWPUSD=X,BWP/USD
367,BAMUSD=X,BAM/USD
368,BTNEUR=X,BTN/EUR
369,BRLPYG=X,BRL/PYG
370,BWPTWD=X,BWP/TWD
371,BDTJPY=X,BDT/JPY
372,BOBEUR=X,BOB/EUR
373,BHDGBP=X,BHD/GBP
374,BGNEUR=X,BGN/EUR
375,BRLUSD=X,BRL/USD
376,BWPGHS=X,BWP/GHS
377,BRLSEK=X,BRL/SEK
378,BHDSGD=X,BHD/SGD
379,BAM=X,USD/BAM
380,BZDUSD=X,BZD/USD
381,BWPRWF=X,BWP/RWF
382,BGN=X,USD/BGN
383,BBD=X,USD/BBD
384,BWPTND=X,BWP/TND
385,BWPILS=X,BWP/ILS
386,BRLKRW=X,BRL/KRW
387,BWPANG=X,BWP/ANG
388,BOBPYG=X,BOB/PYG
389,BRLVEF=X,BRL/VEF
390,BWPHRK=X,BWP/HRK
391,BWPCLP=X,BWP/CLP
392,BWPAFN=X,BWP/AFN
393,BSDUSD=X,BSD/USD
394,BOBARS=X,BOB/ARS
395,BDTGBP=X,BDT/GBP
396,BSDCHF=X,BSD/CHF
397,BWPMXN=X,BWP/MXN
398,BWPDKK=X,BWP/DKK
399,BWPCAD=X,BWP/CAD
400,BOBGBP=X,BOB/GBP
401,BDTSEK=X,BDT/SEK
402,BWPSAR=X,BWP/SAR
403,BHDDKK=X,BHD/DKK
404,BSDEUR=X,BSD/EUR
405,BGNTRY=X,BGN/TRY
406,BRLJPY=X,BRL/JPY
407,BWPPHP=X,BWP/PHP
408,BRLGBP=X,BRL/GBP
409,BGNCZK=X,BGN/CZK
410,BRL=X,USD/BRL
411,BDTCHF=X,BDT/CHF
412,BHDKWD=X,BHD/KWD
413,BWPMOP=X,BWP/MOP
414,BDTEUR=X,BDT/EUR
415,BSD=X,USD/BSD
416,BGNTHB=X,BGN/THB
417,BWPBRL=X,BWP/BRL
418,BGNUSD=X,BGN/USD
419,BWPZWL=X,BWP/ZWL
420,BSDDKK=X,BSD/DKK
421,BNDEUR=X,BND/EUR
422,BWPEGP=X,BWP/EGP
423,BWPNZD=X,BWP/NZD
424,BRLXDR=X,BRL/XDR
425,BWPWST=X,BWP/WST
426,BOBCLP=X,BOB/CLP
427,BMDEUR=X,BMD/EUR
428,BRLNZD=X,BRL/NZD
429,BRLAUD=X,BRL/AUD
430,BWPARS=X,BWP/ARS
431,BRLBOB=X,BRL/BOB
432,BGNDKK=X,BGN/DKK
433,BGNLVL=X,BGN/LVL
434,BRLNOK=X,BRL/NOK
435,BMDCHF=X,BMD/CHF
436,BRLCLP=X,BRL/CLP
437,BWPVND=X,BWP/VND
438,BWPQAR=X,BWP/QAR
439,CADUSD=X,CAD/USD
440,CHFUSD=X,CHF/USD
441,CNYUSD=X,CNY/USD
442,CHFEUR=X,CHF/EUR
443,NZDGBP=X,NZD/GBP
444,CVECHF=X,CVE/CHF
445,CHFJPY=X,CHF/JPY
446,CADJPY=X,CAD/JPY
447,ZARSGD=X,ZAR/SGD
448,ZARSEK=X,ZAR/SEK
449,ZARMYR=X,ZAR/MYR
450,ZARJPY=X,ZAR/JPY
451,ZARCAD=X,ZAR/CAD
452,ZARAUD=X,ZAR/AUD
453,NZDCAD=X,NZD/CAD
454,NOKZAR=X,NOK/ZAR
455,NOKJPY=X,NOK/JPY
456,NOKGBP=X,NOK/GBP
457,JPYTRY=X,JPY/TRY
458,EURDOP=X,EUR/DOP
459,CZKZAR=X,CZK/ZAR
460,CZKRSD=X,CZK/RSD
461,CZKPHP=X,CZK/PHP
462,CZKLKR=X,CZK/LKR
463,CZKHKD=X,CZK/HKD
464,CZKBRL=X,CZK/BRL
465,CZKBGN=X,CZK/BGN
466,CZKBDT=X,CZK/BDT
467,CVE=X,USD/CVE
468,CUPGBP=X,CUP/GBP
469,CUP=X,USD/CUP
470,COPTHB=X,COP/THB
471,CNYTRY=X,CNY/TRY
472,CNYPHP=X,CNY/PHP
473,CNYLTL=X,CNY/LTL
474,CNYJPY=X,CNY/JPY
475,CNYILS=X,CNY/ILS
476,CNYGHS=X,CNY/GHS
477,CNYBWP=X,CNY/BWP
478,CNYAED=X,CNY/AED
479,CNHUSD=X,CNH/USD
480,CLF=X,USD/CLF
481,CHFZAR=X,CHF/ZAR
482,CHFVND=X,CHF/VND
483,CHFUAH=X,CHF/UAH
484,CHFTRY=X,CHF/TRY
485,CHFSOS=X,CHF/SOS
486,CHFMUR=X,CHF/MUR
487,CHFMKD=X,CHF/MKD
488,CHFMDL=X,CHF/MDL
489,CHFKPW=X,CHF/KPW
490,CHFIRR=X,CHF/IRR
491,CHFHRK=X,CHF/HRK
492,CHFBYR=X,CHF/BYR
493,CHFBND=X,CHF/BND
494,CHFBAM=X,CHF/BAM
495,CHFAWG=X,CHF/AWG
496,CADZAR=X,CAD/ZAR
497,CADWST=X,CAD/WST
498,CADTZS=X,CAD/TZS
499,CADTWD=X,CAD/TWD
500,CADTND=X,CAD/TND
501,CADSGD=X,CAD/SGD
502,CADSBD=X,CAD/SBD
503,CADSAR=X,CAD/SAR
504,CADRUB=X,CAD/RUB
505,CADRSD=X,CAD/RSD
506,CADPLN=X,CAD/PLN
507,CADNZD=X,CAD/NZD
508,CADMVR=X,CAD/MVR
509,CADMDL=X,CAD/MDL
510,CADLRD=X,CAD/LRD
511,CADKZT=X,CAD/KZT
512,CADKES=X,CAD/KES
513,CADGYD=X,CAD/GYD
514,CADGIP=X,CAD/GIP
515,CADGBP=X,CAD/GBP
516,CADEUR=X,CAD/EUR
517,CADCHF=X,CAD/CHF
518,CADAMD=X,CAD/AMD
519,CADAFN=X,CAD/AFN
520,CLFJPY=X,CLF/JPY
521,CNYAUD=X,CNY/AUD
522,CHFNAD=X,CHF/NAD
523,CADKYD=X,CAD/KYD
524,CLFEUR=X,CLF/EUR
525,EURDZD=X,EUR/DZD
526,NZDSEK=X,NZD/SEK
527,CADMGA=X,CAD/MGA
528,CHFRSD=X,CHF/RSD
529,CHFBIF=X,CHF/BIF
530,CNH=X,USD/CNH
531,CZKVUV=X,CZK/VUV
532,CHFCLP=X,CHF/CLP
533,CHFAZN=X,CHF/AZN
534,CNYKES=X,CNY/KES
535,CZKMYR=X,CZK/MYR
536,CHFILS=X,CHF/ILS
537,CNYSEK=X,CNY/SEK
538,CZKINR=X,CZK/INR
539,CHFKYD=X,CHF/KYD
540,CHFUYU=X,CHF/UYU
541,CHFARS=X,CHF/ARS
542,CNYUGX=X,CNY/UGX
543,EUR-ILS.F,EUR-ILS.F
544,CADMOP=X,CAD/MOP
545,CZKARS=X,CZK/ARS
546,CHFUGX=X,CHF/UGX
547,CADTRY=X,CAD/TRY
548,CHFAMD=X,CHF/AMD
549,CADTTD=X,CAD/TTD
550,CADYER=X,CAD/YER
551,CADBMD=X,CAD/BMD
552,CADVEF=X,CAD/VEF
553,CHFVEF=X,CHF/VEF
554,CHFCUP=X,CHF/CUP
555,CHFTJS=X,CHF/TJS
556,CHFPGK=X,CHF/PGK
557,CADPYG=X,CAD/PYG
558,CZKKES=X,CZK/KES
559,CZKISK=X,CZK/ISK
560,EUR-MNT.F,EUR-MNT.F
561,CHFPAB=X,CHF/PAB
562,CNHINR=X,CNH/INR
563,CZKVEF=X,CZK/VEF
564,CADSHP=X,CAD/SHP
565,CZKJOD=X,CZK/JOD
566,CHFEGP=X,CHF/EGP
567,CADBTN=X,CAD/BTN
568,CADPAB=X,CAD/PAB
569,CZKBAM=X,CZK/BAM
570,CHFKHR=X,CHF/KHR
571,CNYMXN=X,CNY/MXN
572,CADBIF=X,CAD/BIF
573,CHFGBP=X,CHF/GBP
574,CZKBND=X,CZK/BND
575,CZKJPY=X,CZK/JPY
576,CADUAH=X,CAD/UAH
577,CHFRUB=X,CHF/RUB
578,CADBDT=X,CAD/BDT
579,CHFDZD=X,CHF/DZD
580,CHFNPR=X,CHF/NPR
581,CNYGBP=X,CNY/GBP
582,CHFDEM=X,CHF/DEM
583,CNYMUR=X,CNY/MUR
584,CNYJOD=X,CNY/JOD
585,CLPJPY=X,CLP/JPY
586,CNYDKK=X,CNY/DKK
587,CADAWG=X,CAD/AWG
588,CHFBZD=X,CHF/BZD
589,CHFBRL=X,CHF/BRL
590,CNHGBP=X,CNH/GBP
591,CHFXAF=X,CHF/XAF
592,CUPUSD=X,CUP/USD
593,CADSZL=X,CAD/SZL
594,CADPGK=X,CAD/PGK
595,CHFSYP=X,CHF/SYP
596,NOKNZD=X,NOK/NZD
597,CADFKP=X,CAD/FKP
598,CHFNOK=X,CHF/NOK
599,CADKMF=X,CAD/KMF
600,CADCNY=X,CAD/CNY
601,CHFLYD=X,CHF/LYD
602,RSO.PA,RSO.PA
603,CHFLRD=X,CHF/LRD
604,ZARNZD=X,ZAR/NZD
605,CADMMK=X,CAD/MMK
606,CZKNZD=X,CZK/NZD
607,CHFMOP=X,CHF/MOP
608,CHFKGS=X,CHF/KGS
609,CHFMGA=X,CHF/MGA
610,CNYXDR=X,CNY/XDR
611,CNYLVL=X,CNY/LVL
612,CHFHKD=X,CHF/HKD
613,CADXCD=X,CAD/XCD
614,CHFOMR=X,CHF/OMR
615,CADMRO=X,CAD/MRO
616,CADNOK=X,CAD/NOK
617,CHFHUF=X,CHF/HUF
618,CADAOA=X,CAD/AOA
619,CADSLL=X,CAD/SLL
620,EURILS=X,EUR/ILS
621,CNYKRW=X,CNY/KRW
622,CADFJD=X,CAD/FJD
623,CLPBRL=X,CLP/BRL
624,CZKTHB=X,CZK/THB
625,CADBSD=X,CAD/BSD
626,EUR-GEL.F,EUR-GEL.F
627,CHFFJD=X,CHF/FJD
628,CADANG=X,CAD/ANG
629,CHFCAD=X,CHF/CAD
630,CHFMVR=X,CHF/MVR
631,CZKBHD=X,CZK/BHD
632,CADZMW=X,CAD/ZMW
633,CNHSGD=X,CNH/SGD
634,CADBND=X,CAD/BND
635,CHFBWP=X,CHF/BWP
636,CZKTND=X,CZK/TND
637,CADPHP=X,CAD/PHP
638,CADSEK=X,CAD/SEK
639,CNYCAD=X,CNY/CAD
640,CHFSHP=X,CHF/SHP
641,CUPEUR=X,CUP/EUR
642,CNYZAR=X,CNY/ZAR
643,CHFGHS=X,CHF/GHS
644,CZK=X,USD/CZK
645,CHFJOD=X,CHF/JOD
646,CHFNZD=X,CHF/NZD
647,CZKHUF=X,CZK/HUF
648,CDF=X,USD/CDF
649,CHFWST=X,CHF/WST
650,CADSRD=X,CAD/SRD
651,CADCLP=X,CAD/CLP
652,HKDSEK=X,HKD/SEK
653,CHFMZN=X,CHF/MZN
654,CHFPYG=X,CHF/PYG
655,CADLVL=X,CAD/LVL
656,CADLTL=X,CAD/LTL
657,CADMUR=X,CAD/MUR
658,CNYEUR=X,CNY/EUR
659,SGDSEK=X,SGD/SEK
660,CZKGBP=X,CZK/GBP
661,CHFSRD=X,CHF/SRD
662,CADLKR=X,CAD/LKR
663,CHFGNF=X,CHF/GNF
664,CHFERN=X,CHF/ERN
665,NOKCAD=X,NOK/CAD
666,CHF=X,USD/CHF
667,CHFKRW=X,CHF/KRW
668,CZKUSD=X,CZK/USD
669,CHFXOF=X,CHF/XOF
670,CNHKRW=X,CNH/KRW
671,CADLBP=X,CAD/LBP
672,CHFLKR=X,CHF/LKR
673,ZARNOK=X,ZAR/NOK
674,CADAZN=X,CAD/AZN
675,CHFALL=X,CHF/ALL
676,CZKSGD=X,CZK/SGD
677,CZKKWD=X,CZK/KWD
678,ZARHKD=X,ZAR/HKD
679,CLPCOP=X,CLP/COP
680,CADBRL=X,CAD/BRL
681,CADVND=X,CAD/VND
682,CNYSAR=X,CNY/SAR
683,CNYNZD=X,CNY/NZD
684,CADNIO=X,CAD/NIO
685,CHFKES=X,CHF/KES
686,CHFBMD=X,CHF/BMD
687,CZKIDR=X,CZK/IDR
688,CLPDKK=X,CLP/DKK
689,CADIDR=X,CAD/IDR
690,CNYMAD=X,CNY/MAD
691,CNYIDR=X,CNY/IDR
692,CZKTRY=X,CZK/TRY
693,CHFPHP=X,CHF/PHP
694,CHFJMD=X,CHF/JMD
695,CADKWD=X,CAD/KWD
696,CADUGX=X,CAD/UGX
697,CADUZS=X,CAD/UZS
698,CADNPR=X,CAD/NPR
699,CHFRON=X,CHF/RON
700,CNYTWD=X,CNY/TWD
701,CHFTHB=X,CHF/THB
702,CADMZN=X,CAD/MZN
703,CZKKRW=X,CZK/KRW
704,CHFMMK=X,CHF/MMK
705,CNHTWD=X,CNH/TWD
706,COPMXN=X,COP/MXN
707,ILSEUR=X,ILS/EUR
708,CADMYR=X,CAD/MYR
709,CADISK=X,CAD/ISK
710,CZKEUR=X,CZK/EUR
711,CZKAUD=X,CZK/AUD
712,CADTJS=X,CAD/TJS
713,CHFCRC=X,CHF/CRC
714,CHFISK=X,CHF/ISK
715,CNYBRL=X,CNY/BRL
716,CHFTWD=X,CHF/TWD
717,CZKUYU=X,CZK/UYU
718,CADMKD=X,CAD/MKD
719,CZKLTL=X,CZK/LTL
720,CHFTTD=X,CHF/TTD
721,CADCRC=X,CAD/CRC
722,CHFBDT=X,CHF/BDT
723,CNYNOK=X,CNY/NOK
724,CADKRW=X,CAD/KRW
725,ZARGBP=X,ZAR/GBP
726,CHFSLL=X,CHF/SLL
727,CHFRWF=X,CHF/RWF
728,CADBGN=X,CAD/BGN
729,HRK=X,USD/HRK
730,CHFCNY=X,CHF/CNY
731,CHFZWL=X,CHF/ZWL
732,MYRGBP=X,MYR/GBP
733,COPJPY=X,COP/JPY
734,CADSOS=X,CAD/SOS
735,CNYLKR=X,CNY/LKR
736,CADJOD=X,CAD/JOD
737,EUR-ETB.F,EUR-ETB.F
738,CRC=X,USD/CRC
739,CZKAED=X,CZK/AED
740,CADILS=X,CAD/ILS
741,CADNGN=X,CAD/NGN
742,CZKPGK=X,CZK/PGK
743,CNYTHB=X,CNY/THB
744,CZKCOP=X,CZK/COP
745,EURGEL=X,EUR/GEL
746,CNYTND=X,CNY/TND
747,CHFGEL=X,CHF/GEL
748,CHFSBD=X,CHF/SBD
749,CHFNGN=X,CHF/NGN
750,CHFLBP=X,CHF/LBP
751,CADXOF=X,CAD/XOF
752,CADJMD=X,CAD/JMD
753,XCP=X,COPPER HIGHGRADE
754,COPCLP=X,COP/CLP
755,CADZWL=X,CAD/ZWL
756,COP=X,USD/COP
757,CHFGTQ=X,CHF/GTQ
758,CHFBHD=X,CHF/BHD
759,NZDNOK=X,NZD/NOK
760,CZKLBP=X,CZK/LBP
761,SEKNZD=X,SEK/NZD
762,CADETB=X,CAD/ETB
763,CADOMR=X,CAD/OMR
764,CNYMYR=X,CNY/MYR
765,CHFZMW=X,CHF/ZMW
766,CADLSL=X,CAD/LSL
767,CZKCAD=X,CZK/CAD
768,CADCZK=X,CAD/CZK
769,CZKNOK=X,CZK/NOK
770,CNHPHP=X,CNH/PHP
771,CNHHKD=X,CNH/HKD
772,CNYEGP=X,CNY/EGP
773,NZDZAR=X,NZD/ZAR
774,EUR-GIP.F,EUR-GIP.F
775,CZKOMR=X,CZK/OMR
776,CADSVC=X,CAD/SVC
777,CZKTWD=X,CZK/TWD
778,CADHUF=X,CAD/HUF
779,CADQAR=X,CAD/QAR
780,CADTHB=X,CAD/THB
781,CHFFKP=X,CHF/FKP
782,CLPPYG=X,CLP/PYG
783,SEKNOK=X,SEK/NOK
784,CHFCVE=X,CHF/CVE
785,CZKMXN=X,CZK/MXN
786,CADALL=X,CAD/ALL
787,CHFBGN=X,CHF/BGN
788,CADXPF=X,CAD/XPF
789,CADBHD=X,CAD/BHD
790,CLPTHB=X,CLP/THB
791,CHFITL=X,CHF/ITL
792,CLFUSD=X,CLF/USD
793,CNYOMR=X,CNY/OMR
794,CADBOB=X,CAD/BOB
795,CHFCZK=X,CHF/CZK
796,CHFPEN=X,CHF/PEN
797,CHFNIO=X,CHF/NIO
798,CADHTG=X,CAD/HTG
799,CHFCNH=X,CHF/CNH
800,CADGTQ=X,CAD/GTQ
801,CZKQAR=X,CZK/QAR
802,CADGMD=X,CAD/GMD
803,CADLYD=X,CAD/LYD
804,CADBWP=X,CAD/BWP
805,HKDNOK=X,HKD/NOK
806,CHFSVC=X,CHF/SVC
807,CNYHKD=X,CNY/HKD
808,CADTOP=X,CAD/TOP
809,CADKGS=X,CAD/KGS
810,CHFUZS=X,CHF/UZS
811,CADVUV=X,CAD/VUV
812,CNYKWD=X,CNY/KWD
813,CADHRK=X,CAD/HRK
814,CZKPEN=X,CZK/PEN
815,CHFBOB=X,CHF/BOB
816,CHFTND=X,CHF/TND
817,CADKPW=X,CAD/KPW
818,SGDGBP=X,SGD/GBP
819,CHFLTL=X,CHF/LTL
820,CHFAUD=X,CHF/AUD
821,KESISK=X,KES/ISK
822,EUR-DZD.F,EUR-DZD.F
823,CLP=X,USD/CLP
824,CHFKZT=X,CHF/KZT
825,CADSTD=X,CAD/STD
826,CLFCLP=X,CLF/CLP
827,CADDKK=X,CAD/DKK
828,CADDZD=X,CAD/DZD
829,CHFLVL=X,CHF/LVL
830,MYRNOK=X,MYR/NOK
831,CHFMAD=X,CHF/MAD
832,EURAFN=X,EUR/AFN
833,EURMNT=X,EUR/MNT
834,CLPVEF=X,CLP/VEF
835,CZKCHF=X,CZK/CHF
836,CZKLVL=X,CZK/LVL
837,CADXAF=X,CAD/XAF
838,CHFIQD=X,CHF/IQD
839,CADGHS=X,CAD/GHS
840,CADEGP=X,CAD/EGP
841,CYP=X,CYP=X
842,CADIQD=X,CAD/IQD
843,CVEUSD=X,CVE/USD
844,CVEDKK=X,CVE/DKK
845,CHFSEK=X,CHF/SEK
846,CHFHNL=X,CHF/HNL
847,CHFAOA=X,CHF/AOA
848,CNYSGD=X,CNY/SGD
849,CNYINR=X,CNY/INR
850,SGDNOK=X,SGD/NOK
851,CADTMT=X,CAD/TMT
852,CHFMNT=X,CHF/MNT
853,HKDGBP=X,HKD/GBP
854,CZKRON=X,CZK/RON
855,CHFYER=X,CHF/YER
856,CHFLAK=X,CHF/LAK
857,CHFGYD=X,CHF/GYD
858,CHFMWK=X,CHF/MWK
859,CADMNT=X,CAD/MNT
860,CADHKD=X,CAD/HKD
861,EURSLL=X,EUR/SLL
862,CADCVE=X,CAD/CVE
863,CZKDKK=X,CZK/DKK
864,CADSCR=X,CAD/SCR
865,CHFSCR=X,CHF/SCR
866,CHFKMF=X,CHF/KMF
867,CHFSAR=X,CHF/SAR
868,CHFHTG=X,CHF/HTG
869,CHFGMD=X,CHF/GMD
870,CZKPKR=X,CZK/PKR
871,CADNAD=X,CAD/NAD
872,CNYRUB=X,CNY/RUB
873,CADCDF=X,CAD/CDF
874,CHFXDR=X,CHF/XDR
875,CLPUYU=X,CLP/UYU
876,CHFMYR=X,CHF/MYR
877,CLPBOB=X,CLP/BOB
878,CADLAK=X,CAD/LAK
879,CADHNL=X,CAD/HNL
880,CADBZD=X,CAD/BZD
881,CADINR=X,CAD/INR
882,EURGIP=X,EUR/GIP
883,CHFANG=X,CHF/ANG
884,CADKHR=X,CAD/KHR
885,SEKZAR=X,SEK/ZAR
886,CHFKWD=X,CHF/KWD
887,CADMXN=X,CAD/MXN
888,CHFSTD=X,CHF/STD
889,CHFSGD=X,CHF/SGD
890,CADSYP=X,CAD/SYP
891,CADXDR=X,CAD/XDR
892,CADGNF=X,CAD/GNF
893,CZKSAR=X,CZK/SAR
894,MYRSEK=X,MYR/SEK
895,CHFETB=X,CHF/ETB
896,EUR-SLL.F,EUR-SLL.F
897,CLPPEN=X,CLP/PEN
898,CADDJF=X,CAD/DJF
899,CHFCDF=X,CHF/CDF
900,CADBAM=X,CAD/BAM
901,CNYISK=X,CNY/ISK
902,CHFQAR=X,CHF/QAR
903,CADAED=X,CAD/AED
904,EURETB=X,EUR/ETB
905,CLFGBP=X,CLF/GBP
906,CHFAED=X,CHF/AED
907,CHFXCD=X,CHF/XCD
908,CADCOP=X,CAD/COP
909,CNHIDR=X,CNH/IDR
910,CHFTOP=X,CHF/TOP
911,CZKMUR=X,CZK/MUR
912,CHFTMT=X,CHF/TMT
913,CZKXDR=X,CZK/XDR
914,CNYCHF=X,CNY/CHF
915,NOKAUD=X,NOK/AUD
916,CHFLSL=X,CHF/LSL
917,CADPEN=X,CAD/PEN
918,CZKNGN=X,CZK/NGN
919,CHFBTN=X,CHF/BTN
920,CHFBBD=X,CHF/BBD
921,CNYPLN=X,CNY/PLN
922,CHFMXN=X,CHF/MXN
923,CADSDG=X,CAD/SDG
924,CHFXPF=X,CHF/XPF
925,KESINR=X,KES/INR
926,CZKMAD=X,CZK/MAD
927,CADRON=X,CAD/RON
928,CHFTZS=X,CHF/TZS
929,CADBBD=X,CAD/BBD
930,CNHTHB=X,CNH/THB
931,CHFDKK=X,CHF/DKK
932,CNYQAR=X,CNY/QAR
933,CADBYR=X,CAD/BYR
934,CZKEGP=X,CZK/EGP
935,CZKCNY=X,CZK/CNY
936,CHFINR=X,CHF/INR
937,SEKAUD=X,SEK/AUD
938,CHFGIP=X,CHF/GIP
939,CADGEL=X,CAD/GEL
940,CZKBOB=X,CZK/BOB
941,CHFDOP=X,CHF/DOP
942,CHFMRO=X,CHF/MRO
943,CZKPLN=X,CZK/PLN
944,CZKCLP=X,CZK/CLP
945,CHFSDG=X,CHF/SDG
946,CADRWF=X,CAD/RWF
947,CHFPLN=X,CHF/PLN
948,CLPKRW=X,CLP/KRW
949,CHFIDR=X,CHF/IDR
950,CNYCZK=X,CNY/CZK
951,CHFAFN=X,CHF/AFN
952,CADDOP=X,CAD/DOP
953,CHFPKR=X,CHF/PKR
954,CHFSZL=X,CHF/SZL
955,CADCUP=X,CAD/CUP
956,CHFVUV=X,CHF/VUV
957,CADERN=X,CAD/ERN
958,CLPARS=X,CLP/ARS
959,COPUYU=X,COP/UYU
960,CZKUAH=X,CZK/UAH
961,CADIRR=X,CAD/IRR
962,CZKILS=X,CZK/ILS
963,CADMWK=X,CAD/MWK
964,CHFBSD=X,CHF/BSD
965,ZARANG=X,ZAR/ANG
966,CHFDJF=X,CHF/DJF
967,CADAUD=X,CAD/AUD
968,EUR-AFN.F,EUR-AFN.F
969,CADUYU=X,CAD/UYU
970,CADMAD=X,CAD/MAD
971,CNYHUF=X,CNY/HUF
972,CLPMXN=X,CLP/MXN
973,CZKRUB=X,CZK/RUB
974,EUR-DOP.F,EUR-DOP.F
975,CZKSEK=X,CZK/SEK
976,CADARS=X,CAD/ARS
977,CHFCOP=X,CHF/COP
978,CZKBMD=X,CZK/BMD
979,CNHJPY=X,CNH/JPY
980,CADCNH=X,CAD/CNH
981,CADPKR=X,CAD/PKR
982,COPPYG=X,COP/PYG
983,DOPGBP=X,DOP/GBP
984,DOPEUR=X,DOP/EUR
985,DKKTWD=X,DKK/TWD
986,DKKTND=X,DKK/TND
987,DKKSAR=X,DKK/SAR
988,DKKMYR=X,DKK/MYR
989,DKKJPY=X,DKK/JPY
990,DKKHUF=X,DKK/HUF
991,DKKCLP=X,DKK/CLP
992,DKKCHF=X,DKK/CHF
993,DEM=X,USD/DEM
994,DKKQAR=X,DKK/QAR
995,DKKBAM=X,DKK/BAM
996,DKKCZK=X,DKK/CZK
997,DKKSGD=X,DKK/SGD
998,DKKINR=X,DKK/INR
999,DKKJOD=X,DKK/JOD
1000,PLNSEK=X,PLN/SEK
1001,DKKTRY=X,DKK/TRY
1002,DZDUSD=X,DZD/USD
1003,DKKRON=X,DKK/RON
1004,DKKKWD=X,DKK/KWD
1005,DKKPHP=X,DKK/PHP
1006,DWHEAT.MDD,DWHEAT.MDD
1007,DKKHKD=X,DKK/HKD
1008,DKKKRW=X,DKK/KRW
1009,DKKMXN=X,DKK/MXN
1010,DEMCHF=X,DEM/CHF
1011,DKKGIP=X,DKK/GIP
1012,DJFCHF=X,DJF/CHF
1013,DKKBRL=X,DKK/BRL
1014,DOPUSD=X,DOP/USD
1015,DOPDKK=X,DOP/DKK
1016,DKKOMR=X,DKK/OMR
1017,DKKMUR=X,DKK/MUR
1018,DZDGBP=X,DZD/GBP
1019,DKKPKR=X,DKK/PKR
1020,DJFUSD=X,DJF/USD
1021,DKKIDR=X,DKK/IDR
1022,DKKRSD=X,DKK/RSD
1023,DKK=X,USD/DKK
1024,DOPCHF=X,DOP/CHF
1025,DKKAED=X,DKK/AED
1026,DKKUAH=X,DKK/UAH
1027,DKKTHB=X,DKK/THB
1028,DKKLVL=X,DKK/LVL
1029,DKKLTL=X,DKK/LTL
1030,DKKAUD=X,DKK/AUD
1031,MKDDKK=X,MKD/DKK
1032,DKKPLN=X,DKK/PLN
1033,DJF=X,USD/DJF
1034,DKKSEK=X,DKK/SEK
1035,DKKCAD=X,DKK/CAD
1036,DZDMAD=X,DZD/MAD
1037,DKKKPW=X,DKK/KPW
1038,DZDEUR=X,DZD/EUR
1039,DKKBGN=X,DKK/BGN
1040,DKKNOK=X,DKK/NOK
1041,DKKEUR=X,DKK/EUR
1042,DKKXDR=X,DKK/XDR
1043,DKKLKR=X,DKK/LKR
1044,DJFEUR=X,DJF/EUR
1045,DKKUSD=X,DKK/USD
1046,DKKANG=X,DKK/ANG
1047,DKKGBP=X,DKK/GBP
1048,DKKNZD=X,DKK/NZD
1049,DKKRUB=X,DKK/RUB
1050,DKKISK=X,DKK/ISK
1051,DKKILS=X,DKK/ILS
1052,DZD=X,USD/DZD
1053,DOP=X,USD/DOP
1054,DKKKES=X,DKK/KES
1055,DKKZAR=X,DKK/ZAR
1056,DKKCNY=X,DKK/CNY
1057,DKKEGP=X,DKK/EGP
1058,DKKMAD=X,DKK/MAD
1059,EURUSD=X,EUR/USD
1060,EURGBP=X,EUR/GBP
1061,EURJPY=X,EUR/JPY
1062,EURCHF=X,EUR/CHF
1063,EURSYP=X,EUR/SYP
1064,EURSOS=X,EUR/SOS
1065,EURAUD=X,EUR/AUD
1066,ECS=X,USD/ECS
1067,EURYER=X,EUR/YER
1068,EURVND=X,EUR/VND
1069,EURUGX=X,EUR/UGX
1070,EURSBD=X,EUR/SBD
1071,EURRSD=X,EUR/RSD
1072,EURPLN=X,EUR/PLN
1073,EURPAB=X,EUR/PAB
1074,EURNZD=X,EUR/NZD
1075,EURNPR=X,EUR/NPR
1076,EURMYR=X,EUR/MYR
1077,EURMWK=X,EUR/MWK
1078,EURMVR=X,EUR/MVR
1079,EURMRO=X,EUR/MRO
1080,EURMDL=X,EUR/MDL
1081,EURLKR=X,EUR/LKR
1082,EURLAK=X,EUR/LAK
1083,EURCZK=X,EUR/CZK
1084,EUR=X,USD/EUR
1085,EGPZAR=X,EGP/ZAR
1086,EGPTRY=X,EGP/TRY
1087,EGPMXN=X,EGP/MXN
1088,EGPKRW=X,EGP/KRW
1089,EGPILS=X,EGP/ILS
1090,EGPHUF=X,EGP/HUF
1091,EURBSD=X,EUR/BSD
1092,EURISK=X,EUR/ISK
1093,EURZAR=X,EUR/ZAR
1094,EGPINR=X,EGP/INR
1095,EUR-GBP.F,EUR-GBP.F
1096,EUR-MWK.F,EUR-MWK.F
1097,EUR-SVC.F,EUR-SVC.F
1098,EURMKD=X,EUR/MKD
1099,EURBAM=X,EUR/BAM
1100,EURBGN=X,EUR/BGN
1101,EUR-HUF.F,EUR-HUF.F
1102,EURPKR=X,EUR/PKR
1103,EUR-LVL.F,EUR-LVL.F
1104,EURKRW=X,EUR/KRW
1105,EURAOA=X,EUR/AOA
1106,EUR-TTD.F,EUR-TTD.F
1107,ETBCHF=X,ETB/CHF
1108,EURSVC=X,EUR/SVC
1109,EGPJPY=X,EGP/JPY
1110,EURCRC=X,EUR/CRC
1111,EUR-UZS.F,EUR-UZS.F
1112,EUR-HTG.F,EUR-HTG.F
1113,EURAED=X,EUR/AED
1114,EURBIF=X,EUR/BIF
1115,EUR-MMK.F,EUR-MMK.F
1116,EURLVL=X,EUR/LVL
1117,EGPNZD=X,EGP/NZD
1118,EUR-OMR.F,EUR-OMR.F
1119,EUR-PHP.F,EUR-PHP.F
1120,EURGTQ=X,EUR/GTQ
1121,EGPGBP=X,EGP/GBP
1122,EGPAED=X,EGP/AED
1123,EUR-CNY.F,EUR-CNY.F
1124,EUR-EGP.F,EUR-EGP.F
1125,EURALL=X,EUR/ALL
1126,EUR-MAD.F,EUR-MAD.F
1127,EURCAD=X,EUR/CAD
1128,EURCYP=X,EUR/CYP
1129,EURPYG=X,EUR/PYG
1130,EGPAUD=X,EGP/AUD
1131,EUR-YER.F,EUR-YER.F
1132,EUR-HNL.F,EUR-HNL.F
1133,EGPNOK=X,EGP/NOK
1134,EURTOP=X,EUR/TOP
1135,EGPKWD=X,EGP/KWD
1136,EUR-PGK.F,EUR-PGK.F
1137,EURAMD=X,EUR/AMD
1138,EUR-MGA.F,EUR-MGA.F
1139,EURXPF=X,EUR/XPF
1140,EURZMW=X,EUR/ZMW
1141,ETB=X,USD/ETB
1142,EGPSGD=X,EGP/SGD
1143,EUR-SDG.F,EUR-SDG.F
1144,EGPUSD=X,EGP/USD
1145,ERN=X,USD/ERN
1146,EGPKES=X,EGP/KES
1147,EUR-NPR.F,EUR-NPR.F
1148,EURCUP=X,EUR/CUP
1149,EURNAD=X,EUR/NAD
1150,EURSAR=X,EUR/SAR
1151,EGPMAD=X,EGP/MAD
1152,EUREGP=X,EUR/EGP
1153,EURMMK=X,EUR/MMK
1154,EUR-GYD.F,EUR-GYD.F
1155,EUR-BHD.F,EUR-BHD.F
1157,EUR-SZL.F,EUR-SZL.F
1158,EUR-KRW.F,EUR-KRW.F
1159,EGPQAR=X,EGP/QAR
1160,EUR-CUP.F,EUR-CUP.F
1161,EURTHB=X,EUR/THB
1162,EURHTG=X,EUR/HTG
1163,EUR-VND.F,EUR-VND.F
1164,EUR-ISK.F,EUR-ISK.F
1165,EURARS=X,EUR/ARS
1166,EURKMF=X,EUR/KMF
1167,EUR-SYP.F,EUR-SYP.F
1168,EGPEUR=X,EGP/EUR
1169,EUR-CHF.F,EUR-CHF.F
1170,EURZWL=X,EUR/ZWL
1171,EURDJF=X,EUR/DJF
1172,EUR-SCR.F,EUR-SCR.F
1173,EUR-DKK.F,EUR-DKK.F
1174,EGPSAR=X,EGP/SAR
1175,EGPJOD=X,EGP/JOD
1176,EURFKP=X,EUR/FKP
1177,EURMAD=X,EUR/MAD
1178,EURLRD=X,EUR/LRD
1179,EUR-GMD.F,EUR-GMD.F
1180,EUR-ZAR.F,EUR-ZAR.F
1181,EUR-QAR.F,EUR-QAR.F
1182,EONK.F,EONK.F
1183,EGPPKR=X,EGP/PKR
1184,EURDKK=X,EUR/DKK
1185,EURIQD=X,EUR/IQD
1186,EUR-HKD.F,EUR-HKD.F
1187,EUR-AOA.F,EUR-AOA.F
1188,EGPLKR=X,EGP/LKR
1189,EURAZN=X,EUR/AZN
1190,EURGYD=X,EUR/GYD
1191,EGPOMR=X,EGP/OMR
1192,EURMOP=X,EUR/MOP
1193,EUR-SOS.F,EUR-SOS.F
1194,EUR-XDR.F,EUR-XDR.F
1195,EGPRUB=X,EGP/RUB
1196,EGPLVL=X,EGP/LVL
1197,EUR-CZK.F,EUR-CZK.F
1198,EUR-MOP.F,EUR-MOP.F
1199,EGPHKD=X,EGP/HKD
1200,EUR-XCD.F,EUR-XCD.F
1201,EOYN.F,EOYN.F
1202,EURKHR=X,EUR/KHR
1203,EURSEK=X,EUR/SEK
1204,EURAWG=X,EUR/AWG
1205,EUR-LRD.F,EUR-LRD.F
1206,IDEPM.MDD,IDEPM.MDD
1207,EUR-IRR.F,EUR-IRR.F
1208,EUR-GTQ.F,EUR-GTQ.F
1209,EUR-PYG.F,EUR-PYG.F
1210,EURTZS=X,EUR/TZS
1211,EUR-CNH.F,EUR-CNH.F
1212,EURBYR=X,EUR/BYR
1213,EUROMR=X,EUR/OMR
1214,EURBRL=X,EUR/BRL
1215,EURIRR=X,EUR/IRR
1216,EGPSEK=X,EGP/SEK
1217,EURKYD=X,EUR/KYD
1218,EURANG=X,EUR/ANG
1219,EURGNF=X,EUR/GNF
1220,EUR-RON.F,EUR-RON.F
1221,EUR-KHR.F,EUR-KHR.F
1222,EURPGK=X,EUR/PGK
1223,EURNGN=X,EUR/NGN
1224,EUR-GNF.F,EUR-GNF.F
1225,EUR-DJF.F,EUR-DJF.F
1226,EURTWD=X,EUR/TWD
1227,EUR-KYD.F,EUR-KYD.F
1228,EUR-MRO.F,EUR/MRO
1229,EURQAR=X,EUR/QAR
1230,EUR-BAM.F,EUR-BAM.F
1231,EURVEF=X,EUR/VEF
1232,ERNUSD=X,ERN/USD
1233,EURRUB=X,EUR/RUB
1234,EUR-BBD.F,EUR-BBD.F
1235,EURFJD=X,EUR/FJD
1236,EOCD.F,EOCD.F
1237,EUR-LYD.F,EUR-LYD.F
1238,EURKGS=X,EUR/KGS
1239,EUR-ARS.F,EUR-ARS.F
1240,EURLSL=X,EUR/LSL
1241,EURUZS=X,EUR/UZS
1242,EURSDG=X,EUR/SDG
1243,EUR-NAD.F,EUR-NAD.F
1244,EURVUV=X,EUR/VUV
1245,EUR-JMD.F,EUR-JMD.F
1246,EUR-SAR.F,EUR-SAR.F
1247,EUR-NZD.F,EUR-NZD.F
1248,EURBBD=X,EUR/BBD
1249,EURBHD=X,EUR/BHD
1250,EUR-CDF.F,EUR-CDF.F
1251,EUR-TMM.F,EUR-TMM.F
1252,EUR-BRL.F,EUR-BRL.F
1253,EURTTD=X,EUR/TTD
1254,EUR-TMT.F,EUR-TMT.F
1255,EURCDF=X,EUR/CDF
1256,EURPHP=X,EUR/PHP
1257,EURSZL=X,EUR/SZL
1258,EURLTL=X,EUR/LTL
1259,EUR-INR.F,EUR-INR.F
1260,EUR-JPY.F,EUR-JPY.F
1261,EURUAH=X,EUR/UAH
1262,EURBTN=X,EUR/BTN
1263,EUR-CAD.F,EUR-CAD.F
1264,EUR-WST.F,EUR-WST.F
1265,ETBGBP=X,ETB/GBP
1266,EURJMD=X,EUR/JMD
1267,EURKPW=X,EUR/KPW
1268,EUR-PLN.F,EUR-PLN.F
1269,EUR-AUD.F,EUR-AUD.F
1270,EUR-ZMW.F,EUR-ZMW.F
1271,EUR-BGN.F,EUR-BGN.F
1272,EURXOF=X,EUR/XOF
1273,EUR-BND.F,EUR-BND.F
1274,EUR-STD.F,EUR-STD.F
1275,EGPPLN=X,EGP/PLN
1276,EUR-UAH.F,EUR-UAH.F
1277,ETBUSD=X,ETB/USD
1278,EUR-KGS.F,EUR-KGS.F
1279,EURCNH=X,EUR/CNH
1280,EUR-SGD.F,EUR-SGD.F
1281,EURXDR=X,EUR/XDR
1282,EUREUR=X,EUR/EUR
1283,EURTJS=X,EUR/TJS
1284,EUR-EEK.F,EUR-EEK.F
1285,EUR-IDR.F,EUR-IDR.F
1286,EURTND=X,EUR/TND
1287,EUR-MVR.F,EUR-MVR.F
1288,EOLS.F,EOLS.F
1289,EURRWF=X,EUR/RWF
1290,EURMZN=X,EUR/MZN
1291,EURKWD=X,EUR/KWD
1292,ERNEUR=X,ERN/EUR
1293,EUR-RUB.F,EUR-RUB.F
1294,EUR-TWD.F,EUR-TWD.F
1295,EUR-LAK.F,EUR-LAK.F
1296,EURSRD=X,EUR/SRD
1297,EURNOK=X,EUR/NOK
1298,EGPTND=X,EGP/TND
1299,EGPLTL=X,EGP/LTL
1300,EURSHP=X,EUR/SHP
1301,EURBND=X,EUR/BND
1302,EURSCR=X,EUR/SCR
1303,EURNIO=X,EUR/NIO
1304,EUR-RSD.F,EUR-RSD.F
1305,EUR-KWD.F,EUR-KWD.F
1306,EURGMD=X,EUR/GMD
1307,EUR-CRC.F,EUR-CRC.F
1308,EUR-CVE.F,EUR-CVE.F
1309,EURWST=X,EUR/WST
1310,EUR-LSL.F,EUR-LSL.F
1311,EGP=X,USD/EGP
1312,EUR-LKR.F,EUR-LKR.F
1313,EUR-USD.F,EUR-USD.F
1314,EUR-PAB.F,EUR-PAB.F
1315,EURHKD=X,EUR/HKD
1316,EGPMUR=X,EGP/MUR
1317,EURSGD=X,EUR/SGD
1318,EURCNY=X,EUR/CNY
1319,EUR-XPF.F,EUR-XPF.F
1320,EUR-XOF.F,EUR-XOF.F
1321,EUR-BIF.F,EUR-BIF.F
1322,EGPTHB=X,EGP/THB
1323,ETBEUR=X,ETB/EUR
1324,EUR-BYR.F,EUR-BYR.F
1325,EUR-NOK.F,EUR-NOK.F
1326,EGPCZK=X,EGP/CZK
1327,EUR-AZN.F,EUR-AZN.F
1328,EURIDR=X,EUR/IDR
1329,EUR-PKR.F,EUR-PKR.F
1330,EUR-VEF.F,EUR-VEF.F
1331,EURMXN=X,EUR/MXN
1332,EURRON=X,EUR/RON
1333,EUR-MXN.F,EUR-MXN.F
1334,EURHNL=X,EUR/HNL
1335,EUR-TND.F,EUR-TND.F
1336,EUR-EUR.F,EUR-EUR.F
1337,EUR-IQD.F,EUR-IQD.F
1338,EUR-ANG.F,EUR-ANG.F
1339,EUR-FJD.F,EUR-FJD.F
1340,EGPCAD=X,EGP/CAD
1341,EURGHS=X,EUR/GHS
1342,EURMGA=X,EUR/MGA
1343,EUR-MKD.F,EUR-MKD.F
1344,EURERN=X,EUR/ERN
1345,EUR-CLP.F,EUR-CLP.F
1346,EOSF.F,EOSF.F
1347,EURCVE=X,EUR/CVE
1348,EURSTD=X,EUR/STD
1349,EUR-UGX.F,EUR-UGX.F
1350,EGPPHP=X,EGP/PHP
1351,EUR-AED.F,EUR-AED.F
1352,EUR-THB.F,EUR-THB.F
1353,EGPDKK=X,EGP/DKK
1354,EUR-BSD.F,EUR-BSD.F
1355,EUR-RWF.F,EUR-RWF.F
1356,EUR-MZN.F,EUR-MZN.F
1357,EUR-SEK.F,EUR-SEK.F
1358,EUR-AMD.F,EUR-AMD.F
1359,EURINR=X,EUR/INR
1360,EUR-GHS.F,EUR-GHS.F
1361,EUR-TZS.F,EUR-TZS.F
1362,GDEPM.MDD,GDEPM.MDD
1363,EUR-LTL.F,EUR-LTL.F
1364,EURHUF=X,EUR/HUF
1365,EUR-MDL.F,EUR-MDL.F
1366,EODL.F,EODL.F
1367,EUR-NIO.F,EUR-NIO.F
1368,EUR-MYR.F,EUR-MYR.F
1369,EURCLP=X,EUR/CLP
1370,EGPCNY=X,EGP/CNY
1371,EUR-SRD.F,EUR-SRD.F
1372,EURCLF=X,EUR/CLF
1373,EUR-ALL.F,EUR-ALL.F
1374,EGPIDR=X,EGP/IDR
1375,EODK.F,EODK.F
1376,EURLYD=X,EUR/LYD
1377,EUR-NGN.F,EUR-NGN.F
1378,EURTMT=X,EUR/TMT
1379,EOSK.F,EOSK.F
1380,EURXCD=X,EUR/XCD
1381,EGPCHF=X,EGP/CHF
1382,EGPTWD=X,EGP/TWD
1383,ILSLVL=X,ILS/LVL
1384,FJDCAD=X,FJD/CAD
1385,NOKLVL=X,NOK/LVL
1386,FRF=X,USD/FRF
1387,GELLVL=X,GEL/LVL
1388,FJD=X,USD/FJD
1389,FJDUSD=X,FJD/USD
1390,FKP=X,USD/FKP
1391,FJDNZD=X,FJD/NZD
1392,FJDAUD=X,FJD/AUD
1393,FJDJPY=X,FJD/JPY
1394,FJDEUR=X,FJD/EUR
1395,XDRLTL=X,XDR/LTL
1396,FJDCHF=X,FJD/CHF
1397,LVLPLN=X,LVL/PLN
1398,LTLCZK=X,LTL/CZK
1399,LTLPLN=X,LTL/PLN
1400,SGDLVL=X,SGD/LVL
1401,FJDHKD=X,FJD/HKD
1402,PLNLVL=X,PLN/LVL
1403,FRFCHF=X,FRF/CHF
1404,FKPUSD=X,FKP/USD
1405,HKDLVL=X,HKD/LVL
1406,RUBLVL=X,RUB/LVL
1407,FJDDKK=X,FJD/DKK
1408,LTLLVL=X,LTL/LVL
1409,FKPCHF=X,FKP/CHF
1410,SEKLVL=X,SEK/LVL
1411,KZTLTL=X,KZT/LTL
1412,LVLCZK=X,LVL/CZK
1413,FJDGBP=X,FJD/GBP
1414,GBPUSD=X,GBP/USD
1415,GBPJPY=X,GBP/JPY
1416,GHSTWD=X,GHS/TWD
1417,GBPZAR=X,GBP/ZAR
1418,GBPNZD=X,GBP/NZD
1419,GBPEUR=X,GBP/EUR
1420,GBPCHF=X,GBP/CHF
1421,GBP=X,USD/GBP
1422,GHSTRY=X,GHS/TRY
1423,GHSSEK=X,GHS/SEK
1424,GHSOMR=X,GHS/OMR
1425,GHSMAD=X,GHS/MAD
1426,GHSCZK=X,GHS/CZK
1427,GHSCOP=X,GHS/COP
1428,GHSCNH=X,GHS/CNH
1429,GHSBWP=X,GHS/BWP
1430,GHSBRL=X,GHS/BRL
1431,GHSBMD=X,Ghana Cedi (b) vs Bermuda Dolla
1432,GBPZWL=X,GBP/ZWL
1433,GBPUAH=X,GBP/UAH
1434,GBPTRY=X,GBP/TRY
1435,GBPTMT=X,GBP/TMT
1436,GBPTHB=X,GBP/THB
1437,GBPSLL=X,GBP/SLL
1438,GBPSGD=X,GBP/SGD
1439,GBPLRD=X,GBP/LRD
1440,GBPKES=X,GBP/KES
1441,GBPILS=X,GBP/ILS
1442,GBPGNF=X,GBP/GNF
1443,GBPFJD=X,GBP/FJD
1444,GBPCAD=X,GBP/CAD
1445,GBPBND=X,GBP/BND
1446,GBPAUD=X,GBP/AUD
1447,GBPANG=X,GBP/ANG
1448,GBPAED=X,GBP/AED
1449,GHSCLF=X,GHS/CLF
1450,GBPJOD=X,GBP/JOD
1451,GHSRON=X,GHS/RON
1452,GELCHF=X,GEL/CHF
1453,GBPGMD=X,GBP/GMD
1454,GHSSBD=X,GHS/SBD
1455,GHSTHB=X,GHS/THB
1456,GHSQAR=X,GHS/QAR
1457,GHSUGX=X,GHS/UGX
1458,GBPBHD=X,GBP/BHD
1459,GHSXDR=X,GHS/XDR
1460,GBPFKP=X,GBP/FKP
1461,GTQCAD=X,GTQ/CAD
1462,GBPBRL=X,GBP/BRL
1463,GBPLVL=X,GBP/LVL
1464,GELUSD=X,GEL/USD
1465,GBPNPR=X,GBP/NPR
1466,GHSPKR=X,GHS/PKR
1467,GBPMYR=X,GBP/MYR
1468,GTQGBP=X,GTQ/GBP
1469,GBPAOA=X,GBP/AOA
1470,GTQUSD=X,GTQ/USD
1471,GHSKYD=X,GHS/KYD
1472,GBPRUB=X,GBP/RUB
1473,GHSAFN=X,Ghana Cedi (b) vs Afghanistan A
1474,GBPLAK=X,GBP/LAK
1475,GBPCVE=X,GBP/CVE
1476,GBPIQD=X,GBP/IQD
1477,GHSINR=X,GHS/INR
1478,GHSMWK=X,GHS/MWK
1479,GBPMOP=X,GBP/MOP
1480,GBPARS=X,GBP/ARS
1481,GBPAZN=X,GBP/AZN
1482,GHS=X,USD/GHS
1483,GBPAWG=X,GBP/AWG
1484,GHSCLP=X,GHS/CLP
1485,GBPMVR=X,GBP/MVR
1486,GHSHUF=X,GHS/HUF
1487,GTQEUR=X,GTQ/EUR
1488,GNF=X,USD/GNF
1489,GBPBDT=X,GBP/BDT
1490,GHSLKR=X,GHS/LKR
1491,GBPBTN=X,GBP/BTN
1492,GBPHUF=X,GBP/HUF
1493,GBPJMD=X,GBP/JMD
1494,GIP=X,USD/GIP
1495,GBPCOP=X,GBP/COP
1496,GBPMKD=X,GBP/MKD
1497,GHSBGN=X,GHS/BGN
1498,GMDCHF=X,GMD/CHF
1499,GHSVND=X,GHS/VND
1500,GHSMUR=X,GHS/MUR
1501,GBPRSD=X,GBP/RSD
1502,GBPGEL=X,GBP/GEL
1503,GHSIDR=X,GHS/IDR
1504,GHSMOP=X,GHS/MOP
1505,GBPMAD=X,GBP/MAD
1506,GBPDOP=X,GBP/DOP
1507,GBPMNT=X,GBP/MNT
1509,GBPHTG=X,GBP/HTG
1510,GBPMXN=X,GBP/MXN
1511,GHSTND=X,GHS/TND
1512,GBPTND=X,GBP/TND
1513,GMDEUR=X,GMD/EUR
1514,GHSDKK=X,GHS/DKK
1515,GBPPLN=X,GBP/PLN
1516,GHSNZD=X,GHS/NZD
1517,GBPPEN=X,GBP/PEN
1518,GHSPEN=X,GHS/PEN
1519,GBPCNH=X,GBP/CNH
1521,GBPCLP=X,GBP/CLP
1522,GHSZAR=X,GHS/ZAR
1523,GHSMYR=X,GHS/MYR
1524,GBPCNY=X,GBP/CNY
1525,GMDGBP=X,GMD/GBP
1526,GBPSHP=X,GBP/SHP
1527,GHSUSD=X,GHS/USD
1528,GBPDJF=X,GBP/DJF
1530,GBPMDL=X,GBP/MDL
1531,GBPTOP=X,GBP/TOP
1532,GBPLYD=X,GBP/LYD
1533,GHSAUD=X,GHS/AUD
1534,GBPMGA=X,GBP/MGA
1535,GBPBOB=X,GBP/BOB
1536,GBPCUP=X,GBP/CUP
1537,GBPOMR=X,GBP/OMR
1538,GBPIDR=X,GBP/IDR
1539,GBPXPF=X,GBP/XPF
1540,GBPXDR=X,GBP/XDR
1541,GBPCLF=X,GBP/CLF
1542,GBPISK=X,GBP/ISK
1543,GBPUZS=X,GBP/UZS
1544,GBPVND=X,GBP/VND
1545,GBPNIO=X,GBP/NIO
1546,GBPETB=X,GBP/ETB
1547,GBPGHS=X,GBP/GHS
1548,GBPYER=X,GBP/YER
1549,GBPSRD=X,GBP/SRD
1550,GBPBIF=X,GBP/BIF
1551,GBPGBP=X,GBP/GBP
1552,GBPALL=X,GBP/ALL
1553,GBPVEF=X,GBP/VEF
1554,GELEUR=X,GEL/EUR
1555,GBPBYR=X,GBP/BYR
1556,GBPKGS=X,GBP/KGS
1557,GBPDKK=X,GBP/DKK
1558,GBPTZS=X,GBP/TZS
1559,GHSXOF=X,GHS/XOF
1560,GBPHNL=X,GBP/HNL
1561,GHSWST=X,GHS/WST
1562,GHSAED=X,Ghana Cedi (b) vs UAE Dirham Sp
1563,GBPPKR=X,GBP/PKR
1564,GBPCZK=X,GBP/CZK
1565,GIPCHF=X,GIP/CHF
1566,GHSILS=X,GHS/ILS
1567,GEL=X,USD/GEL
1568,GBPITL=X,GBP/ITL
1569,GBPHRK=X,GBP/HRK
1570,GBPNAD=X,GBP/NAD
1571,GBPAMD=X,GBP/AMD
1572,GBPBGN=X,GBP/BGN
1573,GHSKWD=X,GHS/KWD
1574,GHSGBP=X,GHS/GBP
1575,GIPDKK=X,GIP/DKK
1576,GBPXCD=X,GBP/XCD
1577,GBPINR=X,GBP/INR
1578,GBPWST=X,GBP/WST
1579,GBPTWD=X,GBP/TWD
1580,GHSFJD=X,GHS/FJD
1581,GHSTOP=X,GHS/TOP
1582,GTQCHF=X,GTQ/CHF
1583,GBPKPW=X,GBP/KPW
1584,GHSRUB=X,GHS/RUB
1585,GHSBHD=X,GHS/BHD
1586,GBPUYU=X,GBP/UYU
1587,GBPSVC=X,GBP/SVC
1588,GBPPHP=X,GBP/PHP
1589,GBPSYP=X,GBP/SYP
1590,GBPBAM=X,GBP/BAM
1591,GBPZMW=X,GBP/ZMW
1592,GHSRWF=X,GHS/RWF
1593,GHSPHP=X,GHS/PHP
1594,GBPSAR=X,GBP/SAR
1595,GHSZWL=X,GHS/ZWL
1596,GBPSBD=X,GBP/SBD
1597,GBPRON=X,GBP/RON
1598,GBPPAB=X,GBP/PAB
1599,GBPMUR=X,GBP/MUR
1600,GHSNOK=X,GHS/NOK
1601,GBPKRW=X,GBP/KRW
1602,GBPUGX=X,GBP/UGX
1603,GHSBDT=X,GHS/BDT
1604,GBPAFN=X,GBP/AFN
1605,GHSRSD=X,GHS/RSD
1606,GHSTZS=X,GHS/TZS
1607,GMDDKK=X,GMD/DKK
1608,GBPKYD=X,GBP/KYD
1609,GHSEGP=X,GHS/EGP
1610,GHSNGN=X,GHS/NGN
1611,GBPERN=X,GBP/ERN
1612,GBPSDG=X,GBP/SDG
1613,GBPVUV=X,GBP/VUV
1614,GHSCAD=X,GHS/CAD
1615,GBPSOS=X,GBP/SOS
1616,GHSSAR=X,GHS/SAR
1617,GHSARS=X,GHS/ARS
1618,GTQ=X,USD/GTQ
1619,GBPMWK=X,GBP/MWK
1620,GBPBMD=X,GBP/BMD
1621,GHSANG=X,Ghana Cedi (b) vs Netherlands A
1622,GBPBSD=X,GBP/BSD
1623,GBPRWF=X,GBP/RWF
1624,GHSJOD=X,GHS/JOD
1625,GBPNOK=X,GBP/NOK
1626,GBPLBP=X,GBP/LBP
1627,GBPEGP=X,GBP/EGP
1628,GBPLSL=X,GBP/LSL
1629,GELGBP=X,GEL/GBP
1630,GBPSCR=X,GBP/SCR
1631,GMDUSD=X,GMD/USD
1632,GBPLKR=X,GBP/LKR
1633,GBPDZD=X,GBP/DZD
1634,GHSEUR=X,GHS/EUR
1635,GBPPYG=X,GBP/PYG
1636,GBPIRR=X,GBP/IRR
1637,GBPMMK=X,GBP/MMK
1638,GBPGYD=X,GBP/GYD
1639,GBPSZL=X,GBP/SZL
1640,GBPXOF=X,GBP/XOF
1641,GBPBBD=X,GBP/BBD
1642,GHSCNY=X,GHS/CNY
1643,GBPXAF=X,GBP/XAF
1644,GHSNAD=X,GHS/NAD
1645,GHSSGD=X,GHS/SGD
1646,GBPGIP=X,GBP/GIP
1647,GBPQAR=X,GBP/QAR
1648,GHSZMW=X,GHS/ZMW
1649,GBPMZN=X,GBP/MZN
1650,GBPGTQ=X,GBP/GTQ
1651,GHSISK=X,GHS/ISK
1652,GHSKZT=X,GHS/KZT
1653,GBPKZT=X,GBP/KZT
1654,GMD=X,USD/GMD
1655,GHSHKD=X,GHS/HKD
1656,GBPMRO=X,GBP/MRO
1657,GBPKHR=X,GBP/KHR
1658,GBPTTD=X,GBP/TTD
1659,GBPLTL=X,GBP/LTL
1660,GDO.NX,GDO.NX
1661,GHSMXN=X,GHS/MXN
1662,GBPCDF=X,GBP/CDF
1663,GBPHKD=X,GBP/HKD
1664,GBPCRC=X,GBP/CRC
1665,GHSJPY=X,GHS/JPY
1666,GHSKES=X,GHS/KES
1667,GBPPGK=X,GBP/PGK
1668,GBPSEK=X,GBP/SEK
1669,GHSHRK=X,GHS/HRK
1670,GBPBWP=X,GBP/BWP
1671,GBPBZD=X,GBP/BZD
1672,GBPNGN=X,GBP/NGN
1673,GIPUSD=X,GIP/USD
1674,GBPKMF=X,GBP/KMF
1675,GBPSTD=X,GBP/STD
1676,GBPTJS=X,GBP/TJS
1677,GHSKRW=X,GHS/KRW
1678,GHSPGK=X,GHS/PGK
1679,GYD=X,USD/GYD
1680,GBPKWD=X,GBP/KWD
1681,HKDUSD=X,HKD/USD
1682,HKDCNY=X,HKD/CNY
1683,HUFTRY=X,HUF/TRY
1684,HUFTHB=X,HUF/THB
1685,HUFSEK=X,HUF/SEK
1686,HUFSAR=X,HUF/SAR
1687,HUFHKD=X,HUF/HKD
1688,HRKLTL=X,HRK/LTL
1689,HNLCAD=X,HNL/CAD
1690,HKDTND=X,HKD/TND
1691,HKDPLN=X,HKD/PLN
1692,HKDNGN=X,HKD/NGN
1693,HKDMAD=X,HKD/MAD
1694,HKDDKK=X,HKD/DKK
1695,HKDCHF=X,HKD/CHF
1696,HNL=X,USD/HNL
1697,HKDPHP=X,HKD/PHP
1698,HUFUAH=X,HUF/UAH
1699,HUFPLN=X,HUF/PLN
1700,HUFRUB=X,HUF/RUB
1701,HNLEUR=X,HNL/EUR
1702,HUFTWD=X,HUF/TWD
1703,HRKSGD=X,HRK/SGD
1704,HKDJPY=X,HKD/JPY
1705,HUFEGP=X,HUF/EGP
1706,HUFMYR=X,HUF/MYR
1707,HUFAUD=X,HUF/AUD
1708,HUFLTL=X,HUF/LTL
1709,HRKJPY=X,HRK/JPY
1710,HUFCZK=X,HUF/CZK
1711,HUFTND=X,HUF/TND
1712,HRKAED=X,HRK/AED
1713,HKDBHD=X,HKD/BHD
1714,HRKAUD=X,HRK/AUD
1715,HKDPKR=X,HKD/PKR
1716,HKDSAR=X,HKD/SAR
1717,HKDBOB=X,HKD/BOB
1718,HRKCZK=X,HRK/CZK
1719,HKDIDR=X,HKD/IDR
1720,HRKMKD=X,HRK/MKD
1721,HRKCNY=X,HRK/CNY
1722,HRKINR=X,HRK/INR
1723,HTGGBP=X,HTG/GBP
1724,HKDEUR=X,HKD/EUR
1725,HKDTRY=X,HKD/TRY
1726,HRKGBP=X,HRK/GBP
1727,HUFBAM=X,HUF/BAM
1728,HKD=X,USD/HKD
1729,HUFJPY=X,HUF/JPY
1730,HKDBRL=X,HKD/BRL
1731,HUFNOK=X,HUF/NOK
1732,HKDCNH=X,HKD/CNH
1733,HKDCLP=X,HKD/CLP
1734,HUFCAD=X,HUF/CAD
1735,HUFKES=X,HUF/KES
1736,HRKDKK=X,HRK/DKK
1737,HKDLKR=X,HKD/LKR
1738,HKDMOP=X,HKD/MOP
1739,HKDAUD=X,HKD/AUD
1740,HNLUSD=X,HNL/USD
1741,HRKKWD=X,HRK/KWD
1742,HKDUYU=X,HKD/UYU
1743,HRKHKD=X,HRK/HKD
1744,HRKBRL=X,HRK/BRL
1745,HKDOMR=X,HKD/OMR
1746,HUFMXN=X,HUF/MXN
1747,HKDNZD=X,HKD/NZD
1748,HRKZAR=X,HRK/ZAR
1749,HKDLTL=X,HKD/LTL
1750,HTGUSD=X,HTG/USD
1751,HKDVND=X,HKD/VND
1752,HKDLBP=X,HKD/LBP
1753,HKDTHB=X,HKD/THB
1754,HUFRON=X,HUF/RON
1755,HUFBRL=X,HUF/BRL
1756,HUFIDR=X,HUF/IDR
1757,HNLGBP=X,HNL/GBP
1758,HKDCZK=X,HKD/CZK
1759,HKDEGP=X,HKD/EGP
1760,HKDAED=X,HKD/AED
1761,HKDCOP=X,HKD/COP
1762,HKDMYR=X,HKD/MYR
1763,HRKPLN=X,HRK/PLN
1764,HKDVEF=X,HKD/VEF
1765,HRKNOK=X,HRK/NOK
1766,HRKRSD=X,HRK/RSD
1767,HKDRUB=X,HKD/RUB
1768,HRKNZD=X,HRK/NZD
1769,HRKCHF=X,HRK/CHF
1770,HKDUGX=X,HKD/UGX
1771,HUFMAD=X,HUF/MAD
1772,HTGCHF=X,HTG/CHF
1773,HKDGHS=X,HKD/GHS
1774,HTGEUR=X,HTG/EUR
1775,HKDMUR=X,HKD/MUR
1776,HUFLKR=X,HUF/LKR
1777,HNLCHF=X,HNL/CHF
1778,HUFMUR=X,HUF/MUR
1779,HKDBWP=X,HKD/BWP
1780,HKDKRW=X,HKD/KRW
1781,HTG=X,USD/HTG
1782,HRKSEK=X,HRK/SEK
1783,HUFQAR=X,HUF/QAR
1784,HKDKWD=X,HKD/KWD
1785,HKDBDT=X,HKD/BDT
1786,HUFNZD=X,HUF/NZD
1787,HKDQAR=X,HKD/QAR
1788,HKDPEN=X,HKD/PEN
1789,HKDHUF=X,HKD/HUF
1790,HRKTHB=X,HRK/THB
1791,HUFAED=X,HUF/AED
1792,HUFISK=X,HUF/ISK
1793,HUFINR=X,HUF/INR
1794,HRKCAD=X,HRK/CAD
1795,HUFDKK=X,HUF/DKK
1796,HUFZAR=X,HUF/ZAR
1797,HRKILS=X,HRK/ILS
1798,HKDCAD=X,HKD/CAD
1799,HUFSGD=X,HUF/SGD
1800,HKDTWD=X,HKD/TWD
1801,HUFCNY=X,HUF/CNY
1802,HRKRON=X,HRK/RON
1803,HKDZWL=X,HKD/ZWL
1804,HRKBAM=X,HRK/BAM
1805,HUFRSD=X,HUF/RSD
1806,HKDKES=X,HKD/KES
1807,HRKEUR=X,HRK/EUR
1808,HKDARS=X,HKD/ARS
1809,HKDMXN=X,HKD/MXN
1810,HRKRUB=X,HRK/RUB
1811,HKDSGD=X,HKD/SGD
1812,HUFKRW=X,HUF/KRW
1813,HUFILS=X,HUF/ILS
1814,HRKTRY=X,HRK/TRY
1815,HUFPHP=X,HUF/PHP
1816,HRKKRW=X,HRK/KRW
1817,HKDINR=X,HKD/INR
1818,HUF=X,USD/HUF
1819,HKDILS=X,HKD/ILS
1820,HKDJOD=X,HKD/JOD
1821,HKDISK=X,HKD/ISK
1822,HKDBMD=X,HKD/BMD
1823,HRKUSD=X,HRK/USD
1824,HKDZAR=X,HKD/ZAR
1825,HRKUAH=X,HRK/UAH
1826,ISKTRY=X,ISK/TRY
1827,ISKMUR=X,ISK/MUR
1828,ISKINR=X,ISK/INR
1829,ISKGBP=X,ISK/GBP
1830,ISKEGP=X,ISK/EGP
1831,ISKCAD=X,ISK/CAD
1832,INRTND=X,INR/TND
1833,INRSGD=X,INR/SGD
1834,INRMAD=X,INR/MAD
1835,INRCAD=X,INR/CAD
1836,INRBRL=X,INR/BRL
1837,ILSPLN=X,ILS/PLN
1838,ILSPHP=X,ILS/PHP
1839,ILSMUR=X,ILS/MUR
1840,ILSLTL=X,ILS/LTL
1841,ILSHKD=X,ILS/HKD
1842,ILSCNY=X,ILS/CNY
1843,ILSCAD=X,ILS/CAD
1844,IDR=X,USD/IDR
1845,ISKILS=X,ISK/ILS
1846,INRISK=X,INR/ISK
1847,IDRKES=X,IDR/KES
1848,ILSSGD=X,ILS/SGD
1849,ILSCHF=X,ILS/CHF
1850,INRLTL=X,INR/LTL
1851,ILSJOD=X,ILS/JOD
1852,ISKQAR=X,ISK/QAR
1853,INRGHS=X,INR/GHS
1854,INRAUD=X,INR/AUD
1855,ILSRUB=X,ILS/RUB
1856,ILSHUF=X,ILS/HUF
1857,ILSGBP=X,ILS/GBP
1858,ISKCNY=X,ISK/CNY
1859,ISKHUF=X,ISK/HUF
1860,ILSDKK=X,ILS/DKK
1861,INRPLN=X,INR/PLN
1862,ILSTND=X,ILS/TND
1863,INR=X,USD/INR
1864,INRMYR=X,INR/MYR
1865,ILSAED=X,ILS/AED
1866,INRCZK=X,INR/CZK
1867,ILSNOK=X,ILS/NOK
1868,ISKAED=X,ISK/AED
1869,ILSKES=X,ILS/KES
1870,ILSSAR=X,ILS/SAR
1871,IDRGHS=X,IDR/GHS
1872,ILSTRY=X,ILS/TRY
1873,ISKEUR=X,ISK/EUR
1874,IDRRUB=X,IDR/RUB
1875,ISKLTL=X,ISK/LTL
1876,IQD=X,USD/IQD
1877,ISKCHF=X,ISK/CHF
1878,ILSXDR=X,ILS/XDR
1879,IDRINR=X,IDR/INR
1880,INRPHP=X,INR/PHP
1881,ILSZAR=X,ILS/ZAR
1882,ILSSEK=X,ILS/SEK
1883,ISKJPY=X,ISK/JPY
1884,INRSEK=X,INR/SEK
1885,INRIDR=X,INR/IDR
1886,INRQAR=X,INR/QAR
1887,IDRUGX=X,IDR/UGX
1888,IRR=X,USD/IRR
1889,ISKCZK=X,ISK/CZK
1890,ISKKRW=X,ISK/KRW
1891,INROMR=X,INR/OMR
1892,ILSCZK=X,ILS/CZK
1893,ISKXDR=X,ISK/XDR
1894,IDRISK=X,IDR/ISK
1895,INRDKK=X,INR/DKK
1896,ISKRUB=X,ISK/RUB
1897,INRLKR=X,INR/LKR
1898,INRZAR=X,INR/ZAR
1899,INRXDR=X,INR/XDR
1900,INRJOD=X,INR/JOD
1901,ISKTND=X,ISK/TND
1902,ILSOMR=X,ILS/OMR
1903,ILSINR=X,ILS/INR
1904,INRUGX=X,INR/UGX
1905,ISKUSD=X,ISK/USD
1906,ILSTWD=X,ILS/TWD
1907,IDRBWP=X,IDR/BWP
1908,INRGBP=X,INR/GBP
1909,INRJPY=X,INR/JPY
1910,ILSUSD=X,ILS/USD
1911,INRKES=X,INR/KES
1912,INRSAR=X,INR/SAR
1913,INRRUB=X,INR/RUB
1914,INREGP=X,INR/EGP
1915,INRHKD=X,INR/HKD
1916,ILSKRW=X,ILS/KRW
1917,INRBWP=X,INR/BWP
1918,INRCHF=X,INR/CHF
1919,INRCNY=X,INR/CNY
1920,ISKKES=X,ISK/KES
1921,ISKJOD=X,ISK/JOD
1922,ISKPLN=X,ISK/PLN
1923,ISKHKD=X,ISK/HKD
1924,ILSMXN=X,ILS/MXN
1925,ISKDKK=X,ISK/DKK
1926,ILSIDR=X,ILS/IDR
1927,IEP=X,USD/IEP
1928,ISKMAD=X,ISK/MAD
1929,INRUSD=X,INR/USD
1930,ISKIDR=X,ISK/IDR
1931,ISKMXN=X,ISK/MXN
1932,ISKZAR=X,ISK/ZAR
1933,ISKLKR=X,ISK/LKR
1934,IDRHUF=X,IDR/HUF
1935,INRAED=X,INR/AED
1936,ISKNOK=X,ISK/NOK
1937,INRILS=X,INR/ILS
1938,INREUR=X,INR/EUR
1939,IEPUSD=X,IEP/USD
1940,ILSMAD=X,ILS/MAD
1941,ILSTHB=X,ILS/THB
1942,IDRLKR=X,IDR/LKR
1943,ILSJPY=X,ILS/JPY
1944,ILSCLP=X,ILS/CLP
1945,ISKTHB=X,ISK/THB
1946,INRNOK=X,INR/NOK
1947,ISKTWD=X,ISK/TWD
1948,INRTZS=X,INR/TZS
1949,INRMXN=X,INR/MXN
1951,INRMUR=X,INR/MUR
1952,INRLVL=X,INR/LVL
1953,INRHUF=X,INR/HUF
1954,ILSKWD=X,ILS/KWD
1955,ILSISK=X,ILS/ISK
1956,ILSAUD=X,ILS/AUD
1957,IDRKRW=X,IDR/KRW
1958,ISKNZD=X,ISK/NZD
1959,ILS=X,USD/ILS
1960,ILSBRL=X,ILS/BRL
1961,INRTRY=X,INR/TRY
1962,INRBGN=X,INR/BGN
1963,IDRJPY=X,IDR/JPY
1964,ISKSAR=X,ISK/SAR
1965,INRTHB=X,INR/THB
1966,INMUA.PA,LYXOR MUA INAV
1967,ILSEGP=X,ILS/EGP
1968,ISKAUD=X,ISK/AUD
1969,INRKRW=X,INR/KRW
1970,ISKSGD=X,ISK/SGD
1971,INRPKR=X,INR/PKR
1972,INRNZD=X,INR/NZD
1973,ISKPHP=X,ISK/PHP
1974,ISK=X,USD/ISK
1975,ILSQAR=X,ILS/QAR
1976,INRTWD=X,INR/TWD
1977,ILSNZD=X,ILS/NZD
1978,ISKSEK=X,ISK/SEK
1979,IEPCHF=X,IEP/CHF
1980,ILSLKR=X,ILS/LKR
1981,JPYEUR=X,JPY/EUR
1982,JPYUSD=X,JPY/USD
1983,JPYGBP=X,JPY/GBP
1984,JPY=X,USD/JPY
1985,JPYNZD=X,JPY/NZD
1986,JPYIQD=X,JPY/IQD
1987,JPYZWL=X,JPY/ZWL
1988,JPYXAF=X,JPY/XAF
1989,JPYTJS=X,JPY/TJS
1990,JPYSVC=X,JPY/SVC
1991,JPYRON=X,JPY/RON
1992,JPYNAD=X,JPY/NAD
1993,JPYMMK=X,JPY/MMK
1994,JPYLYD=X,JPY/LYD
1995,JPYKGS=X,JPY/KGS
1996,JPYILS=X,JPY/ILS
1997,JPYCRC=X,JPY/CRC
1998,JPYCNY=X,JPY/CNY
1999,JPYAUD=X,JPY/AUD
2000,JPYAFN=X,JPY/AFN
2001,JODTHB=X,JOD/THB
2002,JODSEK=X,JOD/SEK
2003,JODRUB=X,JOD/RUB
2004,JODKRW=X,JOD/KRW
2005,JODILS=X,JOD/ILS
2006,JODDKK=X,JOD/DKK
2007,JPYGMD=X,JPY/GMD
2009,JMDCHF=X,JMD/CHF
2010,JPYRWF=X,JPY/RWF
2011,JPYGHS=X,JPY/GHS
2012,JODCAD=X,JOD/CAD
2013,JODAUD=X,JOD/AUD
2014,JODKWD=X,JOD/KWD
2015,JODLTL=X,JOD/LTL
2016,JPYKZT=X,JPY/KZT
2017,JPYAED=X,JPY/AED
2018,JPYHTG=X,JPY/HTG
2019,JPYKHR=X,JPY/KHR
2020,JPYKMF=X,JPY/KMF
2021,JMDGBP=X,JMD/GBP
2022,JPYBGN=X,JPY/BGN
2023,JPYCVE=X,JPY/CVE
2024,JPYSLL=X,JPY/SLL
2025,JPYSHP=X,JPY/SHP
2026,JODMXN=X,JOD/MXN
2027,JPYKPW=X,JPY/KPW
2028,JPYCAD=X,JPY/CAD
2029,JPYMNT=X,JPY/MNT
2030,JPYCDF=X,JPY/CDF
2031,JPYBYR=X,JPY/BYR
2032,JPYBIF=X,JPY/BIF
2033,JODLKR=X,JOD/LKR
2034,JODTWD=X,JOD/TWD
2035,JPYBTN=X,JPY/BTN
2036,JPYHKD=X,JPY/HKD
2037,JPYTMT=X,JPY/TMT
2038,JMDCAD=X,JMD/CAD
2039,JODAED=X,JOD/AED
2040,JPYGTQ=X,JPY/GTQ
2041,JPYBND=X,JPY/BND
2042,JPYDJF=X,JPY/DJF
2043,JPYMDL=X,JPY/MDL
2044,JPYUAH=X,JPY/UAH
2045,JPYXPF=X,JPY/XPF
2046,JPYSZL=X,JPY/SZL
2047,JPYBZD=X,JPY/BZD
2048,JPYMVR=X,JPY/MVR
2049,JODSAR=X,JOD/SAR
2050,JPYERN=X,JPY/ERN
2051,JPYBOB=X,JPY/BOB
2052,JODPLN=X,JOD/PLN
2053,JPYVUV=X,JPY/VUV
2054,JODCNY=X,JOD/CNY
2055,JPYWST=X,JPY/WST
2056,JPYBDT=X,JPY/BDT
2057,JODNOK=X,JOD/NOK
2058,JPYFJD=X,JPY/FJD
2059,JPYMXN=X,JPY/MXN
2060,JPYMGA=X,JPY/MGA
2061,JPYJMD=X,JPY/JMD
2062,JPYZMW=X,JPY/ZMW
2063,JPYNGN=X,JPY/NGN
2064,JODQAR=X,JOD/QAR
2065,JPYSBD=X,JPY/SBD
2066,JPYLRD=X,JPY/LRD
2067,JPYLBP=X,JPY/LBP
2068,JPYDOP=X,JPY/DOP
2069,JPYIRR=X,JPY/IRR
2070,JPYETB=X,JPY/ETB
2071,JPYCNH=X,JPY/CNH
2072,JPYISK=X,JPY/ISK
2073,JPYTOP=X,JPY/TOP
2074,JPYMUR=X,JPY/MUR
2075,JPYPKR=X,JPY/PKR
2076,JPYITL=X,JPY/ITL
2077,JPYCZK=X,JPY/CZK
2078,JPYCLP=X,JPY/CLP
2079,JODCZK=X,JOD/CZK
2080,JPYPYG=X,JPY/PYG
2081,JPYMOP=X,JPY/MOP
2082,JPYDKK=X,JPY/DKK
2083,JPYLSL=X,JPY/LSL
2084,JPYSRD=X,JPY/SRD
2085,JPYSYP=X,JPY/SYP
2086,JPYKRW=X,JPY/KRW
2087,JPYBMD=X,JPY/BMD
2088,JODPHP=X,JOD/PHP
2089,JPYFKP=X,JPY/FKP
2090,JPYAMD=X,JPY/AMD
2091,JPYMKD=X,JPY/MKD
2092,JPYLAK=X,JPY/LAK
2093,JPYRUB=X,JPY/RUB
2094,JODLVL=X,JOD/LVL
2095,JPYMZN=X,JPY/MZN
2096,JPYTTD=X,JPY/TTD
2097,JMD=X,USD/JMD
2098,JPYAZN=X,JPY/AZN
2099,JPYYER=X,JPY/YER
2100,JMDUSD=X,JMD/USD
2101,JODGBP=X,JOD/GBP
2102,JPYBRL=X,JPY/BRL
2103,JPYGYD=X,JPY/GYD
2104,JPYNOK=X,JPY/NOK
2105,JPYXOF=X,JPY/XOF
2106,JPYTZS=X,JPY/TZS
2107,JPYAOA=X,JPY/AOA
2108,JODEUR=X,JOD/EUR
2109,JPYBBD=X,JPY/BBD
2110,JPYPAB=X,JPY/PAB
2111,JPYMYR=X,JPY/MYR
2112,JPYINR=X,JPY/INR
2113,JODEGP=X,JOD/EGP
2114,JPYTND=X,JPY/TND
2115,JPYLTL=X,JPY/LTL
2116,JODCHF=X,JOD/CHF
2117,JPYGNF=X,JPY/GNF
2118,JPYIDR=X,JPY/IDR
2119,JPYSTD=X,JPY/STD
2120,JODTRY=X,JOD/TRY
2121,JPYBWP=X,JPY/BWP
2122,JPYGIP=X,JPY/GIP
2123,JPYANG=X,JPY/ANG
2124,JPYUZS=X,JPY/UZS
2125,JODKES=X,JOD/KES
2126,JPYEGP=X,JPY/EGP
2127,JPYBSD=X,JPY/BSD
2128,JPYRSD=X,JPY/RSD
2129,JPYXDR=X,JPY/XDR
2130,JODINR=X,JOD/INR
2131,JPYZAR=X,JPY/ZAR
2132,JPYJOD=X,JPY/JOD
2133,JPYAWG=X,JPY/AWG
2134,JPYXCD=X,JPY/XCD
2135,JPYMRO=X,JPY/MRO
2136,JPYMWK=X,JPY/MWK
2137,JPYSEK=X,JPY/SEK
2138,JPYTHB=X,JPY/THB
2139,JODHUF=X,JOD/HUF
2140,JPYQAR=X,JPY/QAR
2141,JPYCHF=X,JPY/CHF
2142,JODIDR=X,JOD/IDR
2143,JMDDKK=X,JMD/DKK
2144,JODZAR=X,JOD/ZAR
2145,JODHKD=X,JOD/HKD
2146,JODJPY=X,JOD/JPY
2147,JODAMD=X,JOD/AMD
2148,JPYPEN=X,JPY/PEN
2149,JPYLVL=X,JPY/LVL
2150,JOD=X,USD/JOD
2151,JODTND=X,JOD/TND
2152,JPYHRK=X,JPY/HRK
2153,JPYNPR=X,JPY/NPR
2154,JPYSCR=X,JPY/SCR
2155,JODMUR=X,JOD/MUR
2156,JPYMAD=X,JPY/MAD
2157,JPYALL=X,JPY/ALL
2158,JODOMR=X,JOD/OMR
2159,JPYKYD=X,JPY/KYD
2160,JPYSDG=X,JPY/SDG
2161,JPYHUF=X,JPY/HUF
2162,JPYPGK=X,JPY/PGK
2163,JPYSAR=X,JPY/SAR
2164,JPYCOP=X,JPY/COP
2165,JODSGD=X,JOD/SGD
2166,JPYARS=X,JPY/ARS
2167,JODMAD=X,JOD/MAD
2168,JPYSGD=X,JPY/SGD
2169,JPYUGX=X,JPY/UGX
2170,JPYSOS=X,JPY/SOS
2171,JMDEUR=X,JMD/EUR
2172,JPYNIO=X,JPY/NIO
2173,JPYHNL=X,JPY/HNL
2174,JODUSD=X,JOD/USD
2175,JPYTWD=X,JPY/TWD
2176,JPYBAM=X,JPY/BAM
2177,JPYVEF=X,JPY/VEF
2178,JPYCUP=X,JPY/CUP
2179,JPYPHP=X,JPY/PHP
2180,JODNZD=X,JOD/NZD
2181,JPYKES=X,JPY/KES
2182,JPYUYU=X,JPY/UYU
2183,JPYPLN=X,JPY/PLN
2184,JPYVND=X,JPY/VND
2185,JPYGEL=X,JPY/GEL
2186,JPYLKR=X,JPY/LKR
2187,JPYDZD=X,JPY/DZD
2188,KZTDKK=X,KZT/DKK
2189,KWDTWD=X,KWD/TWD
2190,KWDSEK=X,KWD/SEK
2191,KWDPLN=X,KWD/PLN
2192,KWDPKR=X,KWD/PKR
2193,KWDCZK=X,KWD/CZK
2194,KRWPHP=X,KRW/PHP
2195,KRWLKR=X,KRW/LKR
2196,KRWJPY=X,KRW/JPY
2197,KRWISK=X,KRW/ISK
2198,KGSCHF=X,KGS/CHF
2199,KESTND=X,KES/TND
2200,KESSAR=X,KES/SAR
2201,KESQAR=X,KES/QAR
2202,KESLVL=X,KES/LVL
2203,KESHKD=X,KES/HKD
2204,KESCZK=X,KES/CZK
2205,KESLKR=X,KES/LKR
2206,KWDLTL=X,KWD/LTL
2207,KGSGBP=X,KGS/GBP
2208,KESJOD=X,KES/JOD
2209,KWDOMR=X,KWD/OMR
2210,KWDPHP=X,KWD/PHP
2211,KRWTWD=X,KRW/TWD
2212,KWDSAR=X,KWD/SAR
2213,KRW=X,USD/KRW
2214,KESZAR=X,KES/ZAR
2215,KESRUB=X,KES/RUB
2216,KWDEGP=X,KWD/EGP
2217,KRWHKD=X,KRW/HKD
2218,KES=X,USD/KES
2219,KGSEUR=X,KGS/EUR
2220,KRWZAR=X,KRW/ZAR
2221,KESIDR=X,KES/IDR
2222,KRWDKK=X,KRW/DKK
2223,KESJPY=X,KES/JPY
2224,KRWUGX=X,KRW/UGX
2225,KRWHUF=X,KRW/HUF
2226,KWDSGD=X,KWD/SGD
2227,KRWINR=X,KRW/INR
2228,KRWEGP=X,KRW/EGP
2229,KESSGD=X,KES/SGD
2230,KWD=X,USD/KWD
2231,KESEUR=X,KES/EUR
2232,KWDJPY=X,KWD/JPY
2233,KWDMUR=X,KWD/MUR
2234,KWDCHF=X,KWD/CHF
2235,KGS=X,USD/KGS
2236,KWDJOD=X,KWD/JOD
2237,KWDTHB=X,KWD/THB
2238,KESEGP=X,KES/EGP
2239,KESGBP=X,KES/GBP
2240,KRWBWP=X,KRW/BWP
2241,KESMXN=X,KES/MXN
2242,KWDNZD=X,KWD/NZD
2243,KMF=X,USD/KMF
2244,KWDISK=X,KWD/ISK
2245,KESNZD=X,KES/NZD
2246,KRWMUR=X,KRW/MUR
2247,KRWMXN=X,KRW/MXN
2248,KYDUSD=X,KYD/USD
2249,KWDNOK=X,KWD/NOK
2250,KESMUR=X,KES/MUR
2251,KWDHKD=X,KWD/HKD
2252,KWDMXN=X,KWD/MXN
2253,KRWMAD=X,KRW/MAD
2254,KRWKES=X,KRW/KES
2255,KESNOK=X,KES/NOK
2256,KWDXDR=X,KWD/XDR
2257,KRWTHB=X,KRW/THB
2258,KWDRUB=X,KWD/RUB
2259,KHR=X,USD/KHR
2260,KWDINR=X,KWD/INR
2261,KWDMAD=X,KWD/MAD
2262,KESTRY=X,KES/TRY
2263,KESAED=X,KES/AED
2264,KWDBHD=X,KWD/BHD
2265,KZT=X,USD/KZT
2266,KWDRSD=X,KWD/RSD
2267,KPW=X,USD/KPW
2268,KESCHF=X,KES/CHF
2269,KWDGBP=X,KWD/GBP
2270,KYDEUR=X,KYD/EUR
2271,KWDZAR=X,KWD/ZAR
2272,KWDUSD=X,KWD/USD
2273,KESMAD=X,KES/MAD
2274,KESTWD=X,KES/TWD
2275,KYDGBP=X,KYD/GBP
2276,KESDKK=X,KES/DKK
2277,KESPHP=X,KES/PHP
2278,KWDILS=X,KWD/ILS
2279,KWDTND=X,KWD/TND
2280,KRWSEK=X,KRW/SEK
2281,KWDDKK=X,KWD/DKK
2282,KESAUD=X,KES/AUD
2283,KWDHUF=X,KWD/HUF
2284,KWDKES=X,KWD/KES
2285,KRWRUB=X,KRW/RUB
2286,KWDAED=X,Kuwaiti Dinar (b) vs UAE Dirham
2287,KWDCNY=X,KWD/CNY
2288,KWDEUR=X,KWD/EUR
2289,KWDIDR=X,KWD/IDR
2290,KESILS=X,KES/ILS
2291,KWDTRY=X,KWD/TRY
2292,KWDCAD=X,KWD/CAD
2293,KESLTL=X,KES/LTL
2294,KRWCZK=X,KRW/CZK
2295,KESUSD=X,KES/USD
2296,KYDCHF=X,KYD/CHF
2297,KGSUSD=X,KGS/USD
2298,KESTHB=X,KES/THB
2299,KWDLVL=X,KWD/LVL
2300,KESSEK=X,KES/SEK
2301,KESPLN=X,KES/PLN
2302,KRWCNY=X,KRW/CNY
2303,KWDAUD=X,KWD/AUD
2304,KESCAD=X,KES/CAD
2305,KRWPKR=X,KRW/PKR
2306,KRWIDR=X,KRW/IDR
2307,KRWNOK=X,KRW/NOK
2308,KRWGHS=X,KRW/GHS
2309,KYD=X,USD/KYD
2310,KRWCRC=X,KRW/CRC
2311,KWDLKR=X,KWD/LKR
2312,KESKRW=X,KES/KRW
2313,KESHUF=X,KES/HUF
2314,KESCNY=X,KES/CNY
2315,KWDQAR=X,KWD/QAR
2316,LVLTHB=X,LVL/THB
2317,LVLSGD=X,LVL/SGD
2318,LVLSAR=X,LVL/SAR
2319,LVLPHP=X,LVL/PHP
2320,LTLTHB=X,LTL/THB
2321,LTLSGD=X,LTL/SGD
2322,LTLRUB=X,LTL/RUB
2323,LTLKRW=X,LTL/KRW
2324,LTLJOD=X,LTL/JOD
2325,LTLAED=X,LTL/AED
2326,LKRUSD=X,LKR/USD
2327,LKRTHB=X,LKR/THB
2328,LKRNOK=X,LKR/NOK
2329,LKRJPY=X,LKR/JPY
2330,LKRHKD=X,LKR/HKD
2331,LKRCNY=X,LKR/CNY
2332,LKRAUD=X,LKR/AUD
2333,LVLAED=X,LVL/AED
2334,LSL=X,USD/LSL
2335,LKRJOD=X,LKR/JOD
2336,LKR=X,USD/LKR
2337,LTLPHP=X,LTL/PHP
2338,LKRHUF=X,LKR/HUF
2339,LVLKRW=X,LVL/KRW
2340,LVLIDR=X,LVL/IDR
2341,LTLLKR=X,LTL/LKR
2342,LVLHUF=X,LVL/HUF
2343,LTLKES=X,LTL/KES
2344,LSLEUR=X,LSL/EUR
2345,LTLGBP=X,LTL/GBP
2346,LVLNOK=X,LVL/NOK
2347,LKRCZK=X,LKR/CZK
2348,LKRXDR=X,LKR/XDR
2349,LTLRSD=X,LTL/RSD
2350,LKRMUR=X,LKR/MUR
2351,LVLDKK=X,LVL/DKK
2352,LVLTRY=X,LVL/TRY
2353,LKRQAR=X,LKR/QAR
2354,LRD=X,USD/LRD
2355,LVLZAR=X,LVL/ZAR
2356,LTLMAD=X,LTL/MAD
2357,LTLSEK=X,LTL/SEK
2358,LVLGBP=X,LVL/GBP
2359,LSLCHF=X,LSL/CHF
2360,LYDMAD=X,LYD/MAD
2361,LVLQAR=X,LVL/QAR
2362,LVLCHF=X,LVL/CHF
2363,LVLCAD=X,LVL/CAD
2364,LVLKES=X,LVL/KES
2365,LTLTRY=X,LTL/TRY
2366,LTLINR=X,LTL/INR
2367,LKRNZD=X,LKR/NZD
2368,LVLEGP=X,LVL/EGP
2369,LVLAUD=X,LVL/AUD
2370,LKRTND=X,LKR/TND
2371,LKRSAR=X,LKR/SAR
2372,LTLISK=X,LTL/ISK
2373,LTLCNY=X,LTL/CNY
2374,LSLGBP=X,LSL/GBP
2375,LTLHKD=X,LTL/HKD
2376,LVLRUB=X,LVL/RUB
2377,LKRZAR=X,LKR/ZAR
2378,LTLRON=X,LTL/RON
2379,LTLQAR=X,LTL/QAR
2380,LVLJPY=X,LVL/JPY
2381,LBP=X,USD/LBP
2382,LKRISK=X,LKR/ISK
2383,LKRTRY=X,LKR/TRY
2384,LTLBRL=X,LTL/BRL
2385,LTLAUD=X,LTL/AUD
2386,LVLILS=X,LVL/ILS
2387,LVLTND=X,LVL/TND
2388,LKRTWD=X,LKR/TWD
2389,LKRPLN=X,LKR/PLN
2390,LKRLTL=X,LKR/LTL
2391,LYDCHF=X,LYD/CHF
2392,LVLMXN=X,LVL/MXN
2393,LKRAED=X,LKR/AED
2394,LKRGBP=X,LKR/GBP
2395,LTLIDR=X,LTL/IDR
2396,LTLTND=X,LTL/TND
2397,LTLEGP=X,LTL/EGP
2398,LYDUSD=X,LYD/USD
2399,LKRMAD=X,LKR/MAD
2400,LYDXDR=X,LYD/XDR
2401,LVLMAD=X,LVL/MAD
2402,LVLNZD=X,LVL/NZD
2403,LTLNOK=X,LTL/NOK
2404,LKRCHF=X,LKR/CHF
2405,LKRRUB=X,LKR/RUB
2406,LVLKWD=X,LVL/KWD
2407,LVLOMR=X,LVL/OMR
2408,LVLEUR=X,LVL/EUR
2409,LVLSEK=X,LVL/SEK
2410,LTLSAR=X,LTL/SAR
2411,LVLHKD=X,LVL/HKD
2412,LKRCAD=X,LKR/CAD
2413,LSLUSD=X,LSL/USD
2414,LTLOMR=X,LTL/OMR
2415,LTLMXN=X,LTL/MXN
2416,LKRKRW=X,LKR/KRW
2417,LTLTWD=X,LTL/TWD
2418,LVLLTL=X,LVL/LTL
2419,LAK=X,USD/LAK
2420,LKRILS=X,LKR/ILS
2421,LTLKWD=X,LTL/KWD
2422,LKRIDR=X,LKR/IDR
2423,LVLJOD=X,LVL/JOD
2424,LVLLKR=X,LVL/LKR
2425,LTL=X,USD/LTL
2426,LTLILS=X,LTL/ILS
2427,LTLHUF=X,LTL/HUF
2428,LKRMXN=X,LKR/MXN
2429,LTLJPY=X,LTL/JPY
2430,LKRINR=X,LKR/INR
2431,LVLISK=X,LVL/ISK
2432,LVLCNY=X,LVL/CNY
2433,LTLCHF=X,LTL/CHF
2434,LTLZAR=X,LTL/ZAR
2435,LKRKES=X,LKR/KES
2436,LKREUR=X,LKR/EUR
2437,LVLUSD=X,LVL/USD
2438,LTLEUR=X,LTL/EUR
2439,LVLMUR=X,LVL/MUR
2440,LKRDKK=X,LKR/DKK
2441,LKRSEK=X,LKR/SEK
2442,LKREGP=X,LKR/EGP
2443,LKRPHP=X,LKR/PHP
2444,LVLINR=X,LVL/INR
2445,LTLUSD=X,LTL/USD
2446,LTLDKK=X,LTL/DKK
2447,LTLMUR=X,LTL/MUR
2448,LTLCAD=X,LTL/CAD
2449,LKRSGD=X,LKR/SGD
2450,LYD=X,USD/LYD
2451,LRDUSD=X,LRD/USD
2452,LTLNZD=X,LTL/NZD
2453,LTLHRK=X,LTL/HRK
2454,LVLTWD=X,LVL/TWD
2455,MYRHKD=X,MYR/HKD
2456,MXNJPY=X,MXN/JPY
2457,MYRXDR=X,MYR/XDR
2458,MYRUSD=X,MYR/USD
2459,MYRTND=X,MYR/TND
2460,MYRPHP=X,MYR/PHP
2461,MYRMAD=X,MYR/MAD
2462,MYRKWD=X,MYR/KWD
2463,MYRAUD=X,MYR/AUD
2464,MYRARS=X,MYR/ARS
2465,MYR=X,USD/MYR
2466,MXNXDR=X,MXN/XDR
2467,MXNUYU=X,MXN/UYU
2468,MXNSAR=X,MXN/SAR
2469,MXNPYG=X,MXN/PYG
2470,MXNPEN=X,MXN/PEN
2471,MXNLTL=X,MXN/LTL
2472,MXNKES=X,MXN/KES
2473,MURMXN=X,MUR/MXN
2474,MURKES=X,MUR/KES
2475,MURILS=X,MUR/ILS
2476,MUREUR=X,MUR/EUR
2477,MOPUSD=X,MOP/USD
2478,MOPJPY=X,MOP/JPY
2479,MADILS=X,MAD/ILS
2480,MADCNY=X,MAD/CNY
2481,MADAED=X,MAD/AED
2482,MADTND=X,MAD/TND
2483,MVRCHF=X,MVR/CHF
2484,MVREUR=X,MVR/EUR
2485,MURLKR=X,MUR/LKR
2486,MXNAED=X,MXN/AED
2487,MURINR=X,MUR/INR
2488,MDLCHF=X,MDL/CHF
2489,MXNUSD=X,MXN/USD
2490,MURHUF=X,MUR/HUF
2491,MXNBRL=X,MXN/BRL
2492,MURSGD=X,MUR/SGD
2493,MXNCHF=X,MXN/CHF
2494,MXNBOB=X,MXN/BOB
2495,MURCZK=X,MUR/CZK
2496,MADZAR=X,MAD/ZAR
2497,MXNHKD=X,MXN/HKD
2498,MYRSGD=X,MYR/SGD
2499,MOPGBP=X,MOP/GBP
2500,MADQAR=X,MAD/QAR
2501,MKDJPY=X,MKD/JPY
2502,MOP=X,USD/MOP
2503,MROMAD=X,MRO/MAD
2504,MRO=X,USD/MRO
2505,MZNJPY=X,MZN/JPY
2506,MYRCOP=X,MYR/COP
2507,MURRUB=X,MUR/RUB
2508,MURCAD=X,MUR/CAD
2509,MADJPY=X,MAD/JPY
2510,MXNCAD=X,MXN/CAD
2511,MYRBRL=X,MYR/BRL
2512,MAD=X,USD/MAD
2513,MADIDR=X,MAD/IDR
2514,MADEGP=X,MAD/EGP
2515,MYRBMD=X,MYR/BMD
2516,MWK=X,USD/MWK
2517,MYRVEF=X,MYR/VEF
2518,MXNQAR=X,MXN/QAR
2519,MURCNY=X,MUR/CNY
2520,MADMXN=X,MAD/MXN
2521,MADPHP=X,MAD/PHP
2522,MXNKWD=X,MXN/KWD
2523,MKD=X,USD/MKD
2524,MURPHP=X,MUR/PHP
2525,MADTWD=X,MAD/TWD
2526,MYRCHF=X,MYR/CHF
2527,MADCAD=X,MAD/CAD
2528,MADLVL=X,MAD/LVL
2529,MURPLN=X,MUR/PLN
2530,MNT=X,USD/MNT
2531,MADLTL=X,MAD/LTL
2532,MOPCAD=X,MOP/CAD
2533,MADRUB=X,MAD/RUB
2534,MXNTND=X,MXN/TND
2535,MYRCAD=X,MYR/CAD
2536,MADGBP=X,MAD/GBP
2537,MURISK=X,MUR/ISK
2538,MXNTWD=X,MXN/TWD
2539,MXNEUR=X,MXN/EUR
2540,MVRGBP=X,MVR/GBP
2541,MXNLVL=X,MXN/LVL
2542,MOPCHF=X,MOP/CHF
2543,MURSAR=X,MUR/SAR
2544,MDLUSD=X,MDL/USD
2545,MADHUF=X,MAD/HUF
2546,MYREUR=X,MYR/EUR
2547,MYRLBP=X,MYR/LBP
2548,MURIDR=X,MUR/IDR
2549,MURDKK=X,MUR/DKK
2550,MYRIDR=X,MYR/IDR
2551,MURHKD=X,MUR/HKD
2552,MYRILS=X,MYR/ILS
2553,MOPEUR=X,MOP/EUR
2554,MYRAED=X,MYR/AED
2555,MADUSD=X,MAD/USD
2556,MADJOD=X,MAD/JOD
2557,MURTWD=X,MUR/TWD
2558,MYRZAR=X,MYR/ZAR
2559,MURTND=X,MUR/TND
2560,MXNOMR=X,MXN/OMR
2561,MOPAUD=X,MOP/AUD
2562,MXNINR=X,MXN/INR
2563,MADKWD=X,MAD/KWD
2564,MURKWD=X,MUR/KWD
2565,MZNEUR=X,MZN/EUR
2566,MURAED=X,MUR/AED
2567,MXNGBP=X,MXN/GBP
2568,MXNJOD=X,MXN/JOD
2569,MXNDKK=X,MXN/DKK
2570,MYRCLP=X,MYR/CLP
2571,MADEUR=X,MAD/EUR
2572,MDLGBP=X,MDL/GBP
2573,MURUSD=X,MUR/USD
2574,MURMAD=X,MUR/MAD
2575,MYRINR=X,MYR/INR
2576,MVR=X,USD/MVR
2577,MURNZD=X,MUR/NZD
2578,MXNAUD=X,MXN/AUD
2579,MXNCLP=X,MXN/CLP
2580,MYRJPY=X,MYR/JPY
2581,MURZAR=X,MUR/ZAR
2582,MADNZD=X,MAD/NZD
2583,MVRUSD=X,MVR/USD
2584,MXNPHP=X,MXN/PHP
2585,MZNCHF=X,MZN/CHF
2586,MURSEK=X,MUR/SEK
2587,MURJPY=X,MUR/JPY
2588,MXNSGD=X,MXN/SGD
2589,MXNZAR=X,MXN/ZAR
2590,MXNIDR=X,MXN/IDR
2591,MYRMXN=X,MYR/MXN
2592,MXNMUR=X,MXN/MUR
2593,MYRCNH=X,MYR/CNH
2594,MURLVL=X,MUR/LVL
2595,MURLTL=X,MUR/LTL
2596,MOPSGD=X,MOP/SGD
2597,MYRRUB=X,MYR/RUB
2598,MURTRY=X,MUR/TRY
2599,MUR=X,USD/MUR
2600,MURJOD=X,MUR/JOD
2601,MYRNZD=X,MYR/NZD
2602,MXNHUF=X,MXN/HUF
2603,MUREGP=X,MUR/EGP
2604,MOPHKD=X,MOP/HKD
2605,MURCHF=X,MUR/CHF
2606,MXNMYR=X,MXN/MYR
2607,MADSEK=X,MAD/SEK
2608,OMA.PA,OMA.PA
2609,MZN=X,USD/MZN
2610,MYRKRW=X,MYR/KRW
2611,MMK=X,USD/MMK
2612,MADCHF=X,MAD/CHF
2613,MYRNGN=X,MYR/NGN
2614,MXNEGP=X,MXN/EGP
2615,MADDKK=X,MAD/DKK
2616,MXNNZD=X,MXN/NZD
2617,MADHKD=X,MAD/HKD
2618,MDL=X,USD/MDL
2619,MXNVEF=X,MXN/VEF
2620,MXNSEK=X,MXN/SEK
2621,MADINR=X,MAD/INR
2622,MXNTHB=X,MXN/THB
2623,MURQAR=X,MUR/QAR
2624,MADKES=X,MAD/KES
2625,MURNOK=X,MUR/NOK
2626,MADKRW=X,MAD/KRW
2627,MURAUD=X,MUR/AUD
2628,MXV=X,USD/MXV
2629,MADPLN=X,MAD/PLN
2630,MADMUR=X,MAD/MUR
2631,MUROMR=X,MUR/OMR
2632,MYROMR=X,MYR/OMR
2633,MADSAR=X,MAD/SAR
2634,MXNLKR=X,MXN/LKR
2635,MKDEUR=X,MKD/EUR
2636,MADOMR=X,MAD/OMR
2637,MXNCZK=X,MXN/CZK
2638,MXNILS=X,MXN/ILS
2639,MYRBHD=X,MYR/BHD
2640,MYRBOB=X,MYR/BOB
2641,MGA=X,USD/MGA
2642,MURGBP=X,MUR/GBP
2643,MYRUYU=X,MYR/UYU
2644,MYRZWL=X,MYR/ZWL
2645,MYRTHB=X,MYR/THB
2646,MURXDR=X,MUR/XDR
2647,MKDGBP=X,MKD/GBP
2648,MYRPKR=X,MYR/PKR
2649,MXNTRY=X,MXN/TRY
2651,MXNKRW=X,MXN/KRW
2652,MXNPLN=X,MXN/PLN
2653,MURKRW=X,MUR/KRW
2654,MZNCAD=X,MZN/CAD
2655,MYRPEN=X,MYR/PEN
2656,MXNRUB=X,MXN/RUB
2657,MADAUD=X,MAD/AUD
2658,MYRDKK=X,MYR/DKK
2659,MYREGP=X,MYR/EGP
2660,MADTRY=X,MAD/TRY
2661,MXNARS=X,MXN/ARS
2662,MXNNOK=X,MXN/NOK
2663,MYRTRY=X,MYR/TRY
2664,MXNCOP=X,MXN/COP
2665,MADNOK=X,MAD/NOK
2666,MADCZK=X,MAD/CZK
2667,MZNUSD=X,MZN/USD
2668,MXNMAD=X,MXN/MAD
2669,MADLKR=X,MAD/LKR
2670,MXN=X,USD/MXN
2671,MYRJOD=X,MYR/JOD
2672,MADSGD=X,MAD/SGD
2673,MXNISK=X,MXN/ISK
2674,MADTHB=X,MAD/THB
2675,MYRSAR=X,MYR/SAR
2676,MKDUSD=X,MKD/USD
2677,MYRTWD=X,MYR/TWD
2678,MXVUSD=X,MXV/USD
2679,MYRMUR=X,MYR/MUR
2680,MADISK=X,MAD/ISK
2681,MXNCNY=X,MXN/CNY
2682,MYRCNY=X,MYR/CNY
2683,MZNGBP=X,MZN/GBP
2684,MXVMXN=X,MXV/MXN
2685,MDLEUR=X,MDL/EUR
2686,MURTHB=X,MUR/THB
2687,NZDUSD=X,NZD/USD
2688,NZDKRW=X,NZD/KRW
2689,NZDKES=X,NZD/KES
2690,NZDEGP=X,NZD/EGP
2691,NZDCZK=X,NZD/CZK
2692,NZDCHF=X,NZD/CHF
2693,NPRUSD=X,NPR/USD
2694,NPRGBP=X,NPR/GBP
2695,NOKTND=X,NOK/TND
2696,NOKMAD=X,NOK/MAD
2697,NOKLTL=X,NOK/LTL
2698,NOKIDR=X,NOK/IDR
2699,NOKEUR=X,NOK/EUR
2700,NOKEGP=X,NOK/EGP
2701,NOKCNH=X,NOK/CNH
2702,NOKCHF=X,NOK/CHF
2703,NOKBAM=X,NOK/BAM
2704,NOKAED=X,NOK/AED
2705,NOK=X,USD/NOK
2706,NIOUSD=X,NIO/USD
2707,NADDKK=X,NAD/DKK
2708,NZDMXN=X,NZD/MXN
2709,NOKCLP=X,NOK/CLP
2710,NZDHKD=X,NZD/HKD
2711,NPRCHF=X,NPR/CHF
2712,NIOGBP=X,NIO/GBP
2713,NZDTWD=X,NZD/TWD
2714,NGN=X,USD/NGN
2715,NOKRSD=X,NOK/RSD
2716,NIOCHF=X,NIO/CHF
2717,NPRXDR=X,NPR/XDR
2718,NOKSAR=X,NOK/SAR
2719,NOKXDR=X,NOK/XDR
2720,NADGBP=X,NAD/GBP
2721,NOKISK=X,NOK/ISK
2722,NZDCNY=X,NZD/CNY
2723,NOKDKK=X,NOK/DKK
2724,NZDEUR=X,NZD/EUR
2725,NZDSGD=X,NZD/SGD
2726,NOKPKR=X,NOK/PKR
2727,NZDMYR=X,NZD/MYR
2728,NIO=X,USD/NIO
2729,NZDINR=X,NZD/INR
2730,NOKJOD=X,NOK/JOD
2731,NOKCNY=X,NOK/CNY
2732,NOKOMR=X,NOK/OMR
2733,NOKBRL=X,NOK/BRL
2734,NZDHRK=X,NZD/HRK
2735,NZDOMR=X,NZD/OMR
2736,NADUSD=X,NAD/USD
2737,NADZAR=X,NAD/ZAR
2738,NZDLKR=X,NZD/LKR
2739,NZDXDR=X,NZD/XDR
2740,NZDMUR=X,NZD/MUR
2741,NOKKWD=X,NOK/KWD
2742,NPR=X,USD/NPR
2743,NADCHF=X,NAD/CHF
2744,NZDAUD=X,NZD/AUD
2745,NADEUR=X,NAD/EUR
2746,NOKKRW=X,NOK/KRW
2747,NZDFJD=X,NZD/FJD
2748,NOKPLN=X,NOK/PLN
2749,NZDBRL=X,NZD/BRL
2750,NOKRON=X,NOK/RON
2751,NGNDKK=X,NGN/DKK
2752,NZDPKR=X,NZD/PKR
2753,NZDILS=X,NZD/ILS
2754,NOKTHB=X,NOK/THB
2755,NZDJOD=X,NZD/JOD
2756,NOKCZK=X,NOK/CZK
2757,NZDCNH=X,NZD/CNH
2758,NOKINR=X,NOK/INR
2759,NOKHKD=X,NOK/HKD
2760,NIOEUR=X,NIO/EUR
2761,NZDLTL=X,NZD/LTL
2762,NZDPGK=X,NZD/PGK
2763,NZDQAR=X,NZD/QAR
2764,NOKUSD=X,NOK/USD
2765,NZDISK=X,NZD/ISK
2766,NZDDKK=X,NZD/DKK
2767,NOKRUB=X,NOK/RUB
2768,NOKKES=X,NOK/KES
2769,NZDIDR=X,NZD/IDR
2770,NZDHUF=X,NZD/HUF
2771,NAD=X,USD/NAD
2772,NOKTWD=X,NOK/TWD
2773,NOKMYR=X,NOK/MYR
2774,NZDKWD=X,NZD/KWD
2775,NPREUR=X,NPR/EUR
2776,NOKLKR=X,NOK/LKR
2777,NZDPLN=X,NZD/PLN
2778,NZD=X,USD/NZD
2779,NZDMAD=X,NZD/MAD
2780,NGNCHF=X,NGN/CHF
2781,NZDAED=X,NZD/AED
2782,NGNTHB=X,NGN/THB
2783,NZDCLP=X,NZD/CLP
2784,XAG=X,SILVER 1 OZ 999 NY
2785,NOKHUF=X,NOK/HUF
2786,NZDRUB=X,NZD/RUB
2787,NGNZAR=X,NGN/ZAR
2788,NGNUSD=X,NGN/USD
2789,NZDRSD=X,NZD/RSD
2790,NOKILS=X,NOK/ILS
2791,NZDTHB=X,NZD/THB
2792,NOKQAR=X,NOK/QAR
2793,NZDPHP=X,NZD/PHP
2794,NZDSAR=X,NZD/SAR
2795,NZDTRY=X,NZD/TRY
2796,NOKPHP=X,NOK/PHP
2797,NOKSEK=X,NOK/SEK
2798,NZDTND=X,NZD/TND
2799,NOKMXN=X,NOK/MXN
2800,NOKSGD=X,NOK/SGD
2801,NOKMUR=X,NOK/MUR
2802,NZDLVL=X,NZD/LVL
2803,NOKTRY=X,NOK/TRY
2804,NZDUAH=X,NZD/UAH
2805,OMRSEK=X,OMR/SEK
2806,OMRPLN=X,OMR/PLN
2807,OMRKES=X,OMR/KES
2808,OMRISK=X,OMR/ISK
2809,OMRILS=X,OMR/ILS
2810,OMRHUF=X,OMR/HUF
2811,OMRDKK=X,OMR/DKK
2812,OMRCAD=X,OMR/CAD
2813,OMRPHP=X,OMR/PHP
2814,OMRTRY=X,OMR/TRY
2815,OMRAUD=X,OMR/AUD
2816,OMRKWD=X,OMR/KWD
2817,OMREUR=X,OMR/EUR
2818,OMREGP=X,OMR/EGP
2819,OMRHKD=X,OMR/HKD
2820,OMRJOD=X,OMR/JOD
2821,OMRINR=X,OMR/INR
2822,OMRSGD=X,OMR/SGD
2823,OMRCZK=X,OMR/CZK
2824,OMRXDR=X,OMR/XDR
2825,OMRTHB=X,OMR/THB
2826,OMRSAR=X,OMR/SAR
2827,OMRNOK=X,OMR/NOK
2828,OMRIDR=X,OMR/IDR
2829,OMRTND=X,OMR/TND
2830,OMRMUR=X,OMR/MUR
2831,OMRLTL=X,OMR/LTL
2832,OMRPKR=X,OMR/PKR
2833,OMRBHD=X,OMR/BHD
2834,OMRAED=X,OMR/AED
2835,OMRZAR=X,OMR/ZAR
2836,OMRKRW=X,OMR/KRW
2837,OMRNZD=X,OMR/NZD
2838,OMRJPY=X,OMR/JPY
2839,OMRCNY=X,OMR/CNY
2840,OMRRUB=X,OMR/RUB
2841,OMRMXN=X,OMR/MXN
2842,OMRUSD=X,OMR/USD
2843,OMR=X,USD/OMR
2844,OMRLVL=X,OMR/LVL
2845,OMRTWD=X,OMR/TWD
2846,OMRLKR=X,OMR/LKR
2847,OMRGBP=X,OMR/GBP
2848,OMRCHF=X,OMR/CHF
2849,OMRMAD=X,OMR/MAD
2850,OMRQAR=X,OMR/QAR
2851,PLNTRY=X,PLN/TRY
2852,PLNSAR=X,PLN/SAR
2853,PLNHUF=X,PLN/HUF
2854,PKRZAR=X,PKR/ZAR
2855,PKRNOK=X,PKR/NOK
2856,PKRCAD=X,PKR/CAD
2857,PHPISK=X,PHP/ISK
2858,PHPILS=X,PHP/ILS
2859,PHP=X,USD/PHP
2860,PLNLBP=X,PLN/LBP
2861,PENBOB=X,PEN/BOB
2862,PLNUYU=X,PLN/UYU
2863,PGKUSD=X,PGK/USD
2864,PENBRL=X,PEN/BRL
2865,PLNVEF=X,PLN/VEF
2866,PENUYU=X,PEN/UYU
2867,PLNXDR=X,PLN/XDR
2868,PENDKK=X,PEN/DKK
2869,PENTHB=X,PEN/THB
2870,PENCLP=X,PEN/CLP
2871,PLNCOP=X,PLN/COP
2872,PLNCZK=X,PLN/CZK
2873,PHPTND=X,PHP/TND
2874,PHPUSD=X,PHP/USD
2875,PLNCHF=X,PLN/CHF
2876,PKREUR=X,PKR/EUR
2877,PGKHKD=X,PGK/HKD
2878,PHPHUF=X,PHP/HUF
2879,PHPKRW=X,PHP/KRW
2880,PLNEGP=X,PLN/EGP
2881,PKRTHB=X,PKR/THB
2882,PHPMYR=X,PHP/MYR
2883,PHPTRY=X,PHP/TRY
2884,PLNZAR=X,PLN/ZAR
2885,PLNMYR=X,PLN/MYR
2886,PGK=X,USD/PGK
2887,PLNINR=X,PLN/INR
2888,PHPPKR=X,PHP/PKR
2889,PABCAD=X,PAB/CAD
2890,PHPTWD=X,PHP/TWD
2891,PLNVUV=X,PLN/VUV
2892,PLNHKD=X,PLN/HKD
2893,PHPLVL=X,PHP/LVL
2894,PHPEUR=X,PHP/EUR
2895,PHPCNY=X,PHP/CNY
2896,PLNUSD=X,PLN/USD
2897,PLNBMD=X,PLN/BMD
2898,PGKDKK=X,PGK/DKK
2899,PENGBP=X,PEN/GBP
2900,PLNCNY=X,PLN/CNY
2901,PABUSD=X,PAB/USD
2902,PLNRON=X,PLN/RON
2903,PENCHF=X,PEN/CHF
2904,PENVEF=X,PEN/VEF
2905,PLNKRW=X,PLN/KRW
2906,PLNPHP=X,PLN/PHP
2907,PKRHKD=X,PKR/HKD
2908,PHPDKK=X,PHP/DKK
2909,PKRQAR=X,PKR/QAR
2910,PGKEUR=X,PGK/EUR
2911,PEN=X,USD/PEN
2912,PENCOP=X,PEN/COP
2913,PKRSGD=X,PKR/SGD
2914,PKRXDR=X,PKR/XDR
2915,PHPLTL=X,PHP/LTL
2916,PLNQAR=X,PLN/QAR
2917,PABEUR=X,PAB/EUR
2918,PHPMUR=X,PHP/MUR
2919,PLNMUR=X,PLN/MUR
2920,PYGCOP=X,PYG/COP
2921,PLNKWD=X,PLN/KWD
2922,PHPJPY=X,PHP/JPY
2923,PLN=X,USD/PLN
2924,PLNTHB=X,PLN/THB
2925,PHPMAD=X,PHP/MAD
2926,PHPVND=X,PHP/VND
2927,PLNPKR=X,PLN/PKR
2928,PLNEUR=X,PLN/EUR
2929,PLNRUB=X,PLN/RUB
2930,PLNBDT=X,PLN/BDT
2931,PENEUR=X,PEN/EUR
2932,PLNAED=X,PLN/AED
2933,PHPSAR=X,PHP/SAR
2934,PHPRUB=X,PHP/RUB
2935,PLNOMR=X,PLN/OMR
2936,PHPMXN=X,PHP/MXN
2937,PLNJOD=X,PLN/JOD
2938,PKRVND=X,PKR/VND
2939,PHPNOK=X,PHP/NOK
2940,PABCHF=X,PAB/CHF
2941,PLNZWL=X,PLN/ZWL
2942,PLNNZD=X,PLN/NZD
2943,PKRAUD=X,PKR/AUD
2944,PHPCAD=X,PHP/CAD
2945,PLNILS=X,PLN/ILS
2946,PHPNZD=X,PHP/NZD
2947,PENMXN=X,PEN/MXN
2948,PHPEGP=X,PHP/EGP
2949,PHPJOD=X,PHP/JOD
2950,PLNNGN=X,PLN/NGN
2951,PKRUSD=X,PKR/USD
2952,PLNTND=X,PLN/TND
2953,PHPQAR=X,PHP/QAR
2954,PYG=X,USD/PYG
2955,PLNCAD=X,PLN/CAD
2956,PGKGBP=X,PGK/GBP
2957,PLNISK=X,PLN/ISK
2958,PHPTHB=X,PHP/THB
2959,PENARS=X,PEN/ARS
2960,PLNSGD=X,PLN/SGD
2961,PKRGBP=X,PKR/GBP
2962,PENUSD=X,PEN/USD
2963,PHPCZK=X,PHP/CZK
2964,PLNBOB=X,PLN/BOB
2965,PLNCLP=X,PLN/CLP
2966,PLNDKK=X,PLN/DKK
2967,PHPIDR=X,PHP/IDR
2968,PKRPHP=X,PKR/PHP
2969,PABGBP=X,PAB/GBP
2970,PKRKRW=X,PKR/KRW
2971,PABDKK=X,PAB/DKK
2972,PYGCLP=X,PYG/CLP
2973,PHPPLN=X,PHP/PLN
2974,PLNIDR=X,PLN/IDR
2975,PLNLTL=X,PLN/LTL
2976,PENCAD=X,PEN/CAD
2977,PLNPGK=X,PLN/PGK
2978,PHPHKD=X,PHP/HKD
2979,PGKCHF=X,PGK/CHF
2980,PHPSEK=X,PHP/SEK
2981,PLNNOK=X,PLN/NOK
2982,PHPZAR=X,PHP/ZAR
2983,PKRAED=X,PKR/AED
2984,PKRINR=X,PKR/INR
2985,PLNRSD=X,PLN/RSD
2986,PLNTWD=X,PLN/TWD
2987,PKRJPY=X,PKR/JPY
2988,PKRDKK=X,PKR/DKK
2989,PKREGP=X,PKR/EGP
2990,PHPOMR=X,PHP/OMR
2991,PENPYG=X,PEN/PYG
2992,PLNMAD=X,PLN/MAD
2993,PLNBHD=X,PLN/BHD
2994,PLNMXN=X,PLN/MXN
2995,PLNLKR=X,PLN/LKR
2996,PYGUYU=X,PYG/UYU
2997,PLNGBP=X,PLN/GBP
2998,PLNPEN=X,PLN/PEN
2999,PHPLKR=X,PHP/LKR
3000,PLNKES=X,PLN/KES
3001,PLNAUD=X,PLN/AUD
3002,PKR=X,USD/PKR
3003,PLNBND=X,PLN/BND
3004,PHPSGD=X,PHP/SGD
3005,PLNJPY=X,PLN/JPY
3006,PLNBRL=X,PLN/BRL
3007,PHPCHF=X,PHP/CHF
3008,PHPINR=X,PHP/INR
3009,PAB=X,USD/PAB
3010,PHPKES=X,PHP/KES
3011,PHPGBP=X,PHP/GBP
3012,PKRCHF=X,PKR/CHF
3013,PLNARS=X,PLN/ARS
3014,PHPKWD=X,PHP/KWD
3015,PHPAUD=X,PHP/AUD
3016,PHPAED=X,PHP/AED
3017,SEKEUR=X,SEK/EUR
3018,QARZAR=X,QAR/ZAR
3019,QARTND=X,QAR/TND
3020,QARPLN=X,QAR/PLN
3021,QARKES=X,QAR/KES
3022,QARINR=X,QAR/INR
3023,QARIDR=X,QAR/IDR
3024,QAR=X,USD/QAR
3025,QARNOK=X,QAR/NOK
3026,QARSGD=X,QAR/SGD
3027,QARAED=X,QAR/AED
3028,QARDKK=X,QAR/DKK
3029,QARHKD=X,QAR/HKD
3030,QARLKR=X,QAR/LKR
3031,QARKWD=X,QAR/KWD
3032,QAROMR=X,QAR/OMR
3033,QARISK=X,QAR/ISK
3034,QARTHB=X,QAR/THB
3035,QARNZD=X,QAR/NZD
3036,QARTWD=X,QAR/TWD
3037,QARRUB=X,QAR/RUB
3038,QARTRY=X,QAR/TRY
3039,QARKRW=X,QAR/KRW
3040,QARILS=X,QAR/ILS
3041,QARPKR=X,QAR/PKR
3042,QARSAR=X,QAR/SAR
3043,QARCAD=X,QAR/CAD
3044,QARMXN=X,QAR/MXN
3045,QARCNY=X,QAR/CNY
3046,QARPHP=X,QAR/PHP
3047,QARXDR=X,QAR/XDR
3048,QARAUD=X,QAR/AUD
3049,QARCHF=X,QAR/CHF
3050,QARLTL=X,QAR/LTL
3051,QARUSD=X,QAR/USD
3052,QARSEK=X,QAR/SEK
3053,QARCZK=X,QAR/CZK
3054,QARMAD=X,QAR/MAD
3055,QAREUR=X,QAR/EUR
3056,QARJOD=X,QAR/JOD
3057,QARMUR=X,QAR/MUR
3058,QARGBP=X,QAR/GBP
3059,QARBHD=X,QAR/BHD
3060,QARJPY=X,QAR/JPY
3061,QARLVL=X,QAR/LVL
3062,QAREGP=X,QAR/EGP
3063,QARHUF=X,QAR/HUF
3064,RUBUSD=X,RUB/USD
3065,RUBNOK=X,RUB/NOK
3066,RUBMXN=X,RUB/MXN
3067,RUBILS=X,RUB/ILS
3068,RUBGBP=X,RUB/GBP
3069,RUB=X,USD/RUB
3070,RONEUR=X,RON/EUR
3071,RONDKK=X,RON/DKK
3072,RON=X,USD/RON
3073,RUBKES=X,RUB/KES
3074,RONCZK=X,RON/CZK
3075,RSDCHF=X,RSD/CHF
3076,RONRSD=X,RON/RSD
3077,RONSGD=X,RON/SGD
3078,RUBCZK=X,RUB/CZK
3079,RONPLN=X,RON/PLN
3080,RUBAZN=X,RUB/AZN
3081,RONNZD=X,RON/NZD
3082,RUBTJS=X,RUB/TJS
3083,RUBEUR=X,RUB/EUR
3084,RUBSGD=X,RUB/SGD
3085,RUBDKK=X,RUB/DKK
3086,RONCNY=X,RON/CNY
3087,RSDGBP=X,RSD/GBP
3088,RUBKZT=X,RUB/KZT
3089,RSDCAD=X,RSD/CAD
3090,RUBQAR=X,RUB/QAR
3091,RUBMAD=X,RUB/MAD
3092,RUBTWD=X,RUB/TWD
3093,RUBISK=X,RUB/ISK
3094,RONAED=X,RON/AED
3095,RONHRK=X,RON/HRK
3096,RONILS=X,RON/ILS
3097,RONLTL=X,RON/LTL
3098,RONTRY=X,RON/TRY
3099,RONCAD=X,RON/CAD
3100,RUBEGP=X,RUB/EGP
3101,RUBCHF=X,RUB/CHF
3102,RUBTND=X,RUB/TND
3103,RONINR=X,RON/INR
3104,RUBJPY=X,RUB/JPY
3105,RONKRW=X,RON/KRW
3106,RUBMDL=X,RUB/MDL
3107,RUBAED=X,RUB/AED
3108,RONCHF=X,RON/CHF
3109,RUBPLN=X,RUB/PLN
3110,RONUSD=X,RON/USD
3111,RUBNZD=X,RUB/NZD
3112,RONRUB=X,RON/RUB
3113,RONUAH=X,RON/UAH
3114,RUBINR=X,RUB/INR
3115,RSDUSD=X,RSD/USD
3116,RUBKGS=X,RUB/KGS
3117,RSDDKK=X,RSD/DKK
3118,RONTHB=X,RON/THB
3119,RUBUZS=X,RUB/UZS
3120,RUBTHB=X,RUB/THB
3121,RSD=X,USD/RSD
3122,RUBTMT=X,RUB/TMT
3123,RUBLTL=X,RUB/LTL
3124,RUBAMD=X,RUB/AMD
3125,RUBPHP=X,RUB/PHP
3126,RSDEUR=X,RSD/EUR
3127,RONAUD=X,RON/AUD
3128,RUBMYR=X,RUB/MYR
3129,RUBHKD=X,RUB/HKD
3130,RUBHUF=X,RUB/HUF
3131,RONNOK=X,RON/NOK
3132,RUBBYR=X,RUB/BYR
3133,RONSEK=X,RON/SEK
3134,RUBKRW=X,RUB/KRW
3135,RONHKD=X,RON/HKD
3136,RUBSEK=X,RUB/SEK
3137,RONZAR=X,RON/ZAR
3138,RONKWD=X,RON/KWD
3139,RONJPY=X,RON/JPY
3140,RONBRL=X,RON/BRL
3141,RUBMUR=X,RUB/MUR
3142,RUBIDR=X,RUB/IDR
3143,RUBCAD=X,RUB/CAD
3144,RUBZAR=X,RUB/ZAR
3145,RUBJOD=X,RUB/JOD
3146,RUBTRY=X,RUB/TRY
3147,RUBSAR=X,RUB/SAR
3148,RWF=X,USD/RWF
3149,RUBAUD=X,RUB/AUD
3150,RUBBRL=X,RUB/BRL
3151,RONGBP=X,RON/GBP
3152,RUBLKR=X,RUB/LKR
3153,RUBOMR=X,RUB/OMR
3154,RUBCNY=X,RUB/CNY
3155,SZLGBP=X,SZL/GBP
3156,SZLCHF=X,SZL/CHF
3157,SYP=X,USD/SYP
3158,SLL=X,USD/SLL
3159,SGDMYR=X,SGD/MYR
3160,SGDMAD=X,SGD/MAD
3161,SGDINR=X,SGD/INR
3162,SGDHKD=X,SGD/HKD
3163,SGDGHS=X,SGD/GHS
3164,SGDCZK=X,SGD/CZK
3165,SGDCLP=X,SGD/CLP
3166,SEKUSD=X,SEK/USD
3167,SEKMAD=X,SEK/MAD
3168,SEKLTL=X,SEK/LTL
3169,SEKHUF=X,SEK/HUF
3170,SEKGBP=X,SEK/GBP
3171,SEKDKK=X,SEK/DKK
3172,SEKBGN=X,SEK/BGN
3173,SARZAR=X,SAR/ZAR
3174,SARCZK=X,SAR/CZK
3175,SGDOMR=X,SGD/OMR
3176,SARPLN=X,SAR/PLN
3177,SGDBHD=X,SGD/BHD
3178,SGDCNY=X,SGD/CNY
3179,SARMUR=X,SAR/MUR
3180,SARPHP=X,SAR/PHP
3181,SEKKWD=X,SEK/KWD
3182,SYPHKD=X,SYP/HKD
3183,SARNZD=X,SAR/NZD
3184,SARPKR=X,SAR/PKR
3185,SGDMXN=X,SGD/MXN
3186,SGDKRW=X,SGD/KRW
3187,SARCHF=X,SAR/CHF
3188,SCRDKK=X,SCR/DKK
3189,SARCAD=X,SAR/CAD
3190,SCRGBP=X,SCR/GBP
3191,SARNOK=X,SAR/NOK
3192,SGDZAR=X,SGD/ZAR
3193,SBDEUR=X,SBD/EUR
3194,SGDBMD=X,SGD/BMD
3195,SGDRUB=X,SGD/RUB
3196,SGDBDT=X,SGD/BDT
3197,SGDVND=X,SGD/VND
3198,SARTHB=X,SAR/THB
3199,SGDPLN=X,SGD/PLN
3200,SDGEUR=X,SDG/EUR
3201,SARAED=X,SAR/AED
3202,SEKXDR=X,SEK/XDR
3203,SARIDR=X,SAR/IDR
3204,SEKSAR=X,SEK/SAR
3205,SVCGBP=X,SVC/GBP
3206,SEKTHB=X,SEK/THB
3207,SARLVL=X,SAR/LVL
3208,SEKKPW=X,SEK/KPW
3209,SARINR=X,SAR/INR
3210,SGDAED=X,SGD/AED
3211,SGDBRL=X,SGD/BRL
3212,SEKBWP=X,SEK/BWP
3213,SGDXDR=X,SGD/XDR
3214,SEKRON=X,SEK/RON
3215,SEKTRY=X,SEK/TRY
3216,SRDCHF=X,SRD/CHF
3217,SAR=X,USD/SAR
3218,SGDJOD=X,SGD/JOD
3219,SCRUSD=X,SCR/USD
3220,SGDISK=X,SGD/ISK
3221,SEKKES=X,SEK/KES
3222,SAREGP=X,SAR/EGP
3223,SZLUSD=X,SZL/USD
3224,SGDAUD=X,SGD/AUD
3225,SGDNGN=X,SGD/NGN
3226,SBDGBP=X,SBD/GBP
3227,SHP=X,USD/SHP
3228,SEK=X,USD/SEK
3229,SEKCAD=X,SEK/CAD
3230,SBDCHF=X,SBD/CHF
3231,SZLEUR=X,SZL/EUR
3232,SARQAR=X,SAR/QAR
3233,SYPCHF=X,SYP/CHF
3234,SEKMUR=X,SEK/MUR
3235,STD=X,USD/STD
3236,SARMAD=X,SAR/MAD
3237,SEKRUB=X,SEK/RUB
3238,SGDMOP=X,SGD/MOP
3239,SGDUGX=X,SGD/UGX
3240,SGDPEN=X,SGD/PEN
3241,SARUSD=X,SAR/USD
3242,SGDHUF=X,SGD/HUF
3243,SGDCHF=X,SGD/CHF
3244,SEKTWD=X,SEK/TWD
3245,SARTWD=X,SAR/TWD
3246,SEKCHF=X,SEK/CHF
3247,SEKCNY=X,SEK/CNY
3248,SCR=X,USD/SCR
3249,SGDZWL=X,SGD/ZWL
3250,SARILS=X,SAR/ILS
3251,SEKCNH=X,SEK/CNH
3252,SGDCAD=X,SGD/CAD
3253,SARKRW=X,SAR/KRW
3254,SEKJPY=X,SEK/JPY
3255,SGDPHP=X,SGD/PHP
3256,SEKTND=X,SEK/TND
3257,SGDQAR=X,SGD/QAR
3258,SEKRSD=X,SEK/RSD
3259,SEKCLP=X,SEK/CLP
3260,SEKSGD=X,SEK/SGD
3261,SGDBGN=X,SGD/BGN
3262,SEKKRW=X,SEK/KRW
3263,SARGBP=X,SAR/GBP
3264,SGDBWP=X,SGD/BWP
3265,SVCUSD=X,SVC/USD
3266,SGDLBP=X,SGD/LBP
3267,SEKISK=X,SEK/ISK
3268,SEKJMD=X,SEK/JMD
3269,SARISK=X,SAR/ISK
3270,SGDEGP=X,SGD/EGP
3271,SIT=X,USD/SIT
3272,SDGGBP=X,SDG/GBP
3273,SOS=X,USD/SOS
3274,SGDMUR=X,SGD/MUR
3275,SARLKR=X,SAR/LKR
3276,SGDPKR=X,SGD/PKR
3277,SARHUF=X,SAR/HUF
3278,SARBHD=X,SAR/BHD
3279,SEKQAR=X,SEK/QAR
3280,SARJPY=X,SAR/JPY
3281,SARCNY=X,SAR/CNY
3282,SEKILS=X,SEK/ILS
3283,SARXDR=X,SAR/XDR
3284,SARKWD=X,SAR/KWD
3285,SARDKK=X,SAR/DKK
3286,SRDUSD=X,SRD/USD
3287,SRDEUR=X,SRD/EUR
3288,SARSEK=X,SAR/SEK
3289,SBDUSD=X,SBD/USD
3290,SGDKWD=X,SGD/KWD
3291,SEKAED=X,SEK/AED
3292,SEKINR=X,SEK/INR
3293,SGDTWD=X,SGD/TWD
3294,SARSGD=X,SAR/SGD
3295,SGDARS=X,SGD/ARS
3296,SHPCHF=X,SHP/CHF
3297,SEKGIP=X,SEK/GIP
3298,SARTRY=X,SAR/TRY
3299,SYPSGD=X,SYP/SGD
3300,SEKANG=X,SEK/ANG
3301,SARLTL=X,SAR/LTL
3302,SEKBAM=X,SEK/BAM
3303,SYPQAR=X,SYP/QAR
3304,SYPDKK=X,SYP/DKK
3305,SGDCNH=X,SGD/CNH
3306,SEKMYR=X,SEK/MYR
3307,SGD=X,USD/SGD
3308,SEKMXN=X,SEK/MXN
3309,SGDUYU=X,SGD/UYU
3310,SARHKD=X,SAR/HKD
3311,SARAUD=X,SAR/AUD
3312,SGDILS=X,SGD/ILS
3313,SEKEGP=X,SEK/EGP
3314,SZL=X,USD/SZL
3315,SEKPKR=X,SEK/PKR
3316,SGDLTL=X,SGD/LTL
3317,SHPUSD=X,SHP/USD
3318,SCRCHF=X,SCR/CHF
3319,SARTND=X,SAR/TND
3320,SEKAMD=X,SEK/AMD
3321,SEKPLN=X,SEK/PLN
3322,SGDBOB=X,SGD/BOB
3323,SDGUSD=X,SDG/USD
3324,SRDGBP=X,SRD/GBP
3325,SEKLKR=X,SEK/LKR
3326,SGDTHB=X,SGD/THB
3327,SAROMR=X,SAR/OMR
3328,SEKBRL=X,SEK/BRL
3329,SARJOD=X,SAR/JOD
3330,SGDVEF=X,SGD/VEF
3331,SBD=X,USD/SBD
3332,SEKHKD=X,SEK/HKD
3333,SVC=X,USD/SVC
3334,SGDJPY=X,SGD/JPY
3335,SEKIDR=X,SEK/IDR
3336,SVCEUR=X,SVC/EUR
3337,SGDTRY=X,SGD/TRY
3338,SGDLKR=X,SGD/LKR
3339,SEKCZK=X,SEK/CZK
3340,SARRUB=X,SAR/RUB
3341,SGDEUR=X,SGD/EUR
3342,SGDUSD=X,SGD/USD
3343,SGDSAR=X,SGD/SAR
3344,SGDCOP=X,SGD/COP
3345,SARKES=X,SAR/KES
3346,SEKPHP=X,SEK/PHP
3347,SCREUR=X,SCR/EUR
3348,SYPUSD=X,SYP/USD
3349,SRD=X,USD/SRD
3350,SVCCHF=X,SVC/CHF
3351,SEKOMR=X,SEK/OMR
3352,SEKJOD=X,SEK/JOD
3353,SGDNZD=X,SGD/NZD
3354,SARMXN=X,SAR/MXN
3355,SGDKES=X,SGD/KES
3356,SGDTND=X,SGD/TND
3357,SGDIDR=X,SGD/IDR
3358,SAREUR=X,SAR/EUR
3359,SDG=X,USD/SDG
3360,SGDDKK=X,SGD/DKK
3361,SDGCHF=X,SDG/CHF
3362,TWDUSD=X,TWD/USD
3363,TWDSGD=X,TWD/SGD
3364,TWDMAD=X,TWD/MAD
3365,TWDKRW=X,TWD/KRW
3366,TWDJOD=X,TWD/JOD
3367,TWDILS=X,TWD/ILS
3368,TWDCNH=X,TWD/CNH
3369,TRYUSD=X,TRY/USD
3370,TRYMAD=X,TRY/MAD
3371,TRYLKR=X,TRY/LKR
3372,TRYKWD=X,TRY/KWD
3373,TRYKES=X,TRY/KES
3374,TRYJPY=X,TRY/JPY
3375,TRYGBP=X,TRY/GBP
3376,TRYEUR=X,TRY/EUR
3377,TRYBRL=X,TRY/BRL
3378,TOPEUR=X,TOP/EUR
3379,TNDSEK=X,TND/SEK
3380,TNDRUB=X,TND/RUB
3381,TNDLVL=X,TND/LVL
3382,TNDISK=X,TND/ISK
3383,TNDDKK=X,TND/DKK
3384,TNDCZK=X,TND/CZK
3385,THBTWD=X,THB/TWD
3386,THBTRY=X,THB/TRY
3387,THBSGD=X,THB/SGD
3388,THBNGN=X,THB/NGN
3389,THBEUR=X,THB/EUR
3390,THBDKK=X,THB/DKK
3391,THBCHF=X,THB/CHF
3392,TJSUSD=X,TJS/USD
3393,TNDPHP=X,TND/PHP
3394,THBAUD=X,THB/AUD
3395,TNDAUD=X,TND/AUD
3396,TWDSAR=X,TWD/SAR
3397,TNDLKR=X,TND/LKR
3398,TTDCAD=X,TTD/CAD
3399,TNDEGP=X,TND/EGP
3400,THBISK=X,THB/ISK
3401,TWD=X,USD/TWD
3402,TWDCNY=X,TWD/CNY
3403,TRYDKK=X,TRY/DKK
3404,TNDCAD=X,TND/CAD
3405,THBLTL=X,THB/LTL
3406,TNDSAR=X,TND/SAR
3407,THBIDR=X,THB/IDR
3408,TRYILS=X,TRY/ILS
3409,TRYAED=X,TRY/AED
3410,TNDILS=X,TND/ILS
3411,TWDKES=X,TWD/KES
3412,THBEGP=X,THB/EGP
3413,TWDMXN=X,TWD/MXN
3414,TWDLTL=X,TWD/LTL
3415,THBKRW=X,THB/KRW
3416,TRYZAR=X,TRY/ZAR
3417,TWDLKR=X,TWD/LKR
3418,THBLBP=X,THB/LBP
3419,THBPHP=X,THB/PHP
3420,TRYINR=X,TRY/INR
3421,TWDGBP=X,TWD/GBP
3422,THBNZD=X,THB/NZD
3423,TZS=X,USD/TZS
3424,THBOMR=X,THB/OMR
3425,TTDCHF=X,TTD/CHF
3426,TNDTWD=X,TND/TWD
3427,TNDTHB=X,TND/THB
3428,TNDJOD=X,TND/JOD
3429,THBCAD=X,THB/CAD
3430,TTDGBP=X,TTD/GBP
3431,TRYCHF=X,TRY/CHF
3432,TWDHKD=X,TWD/HKD
3433,TRYTWD=X,TRY/TWD
3434,TMT=X,USD/TMT
3435,TWDNZD=X,TWD/NZD
3436,THBAED=X,THB/AED
3437,TMTCHF=X,TMT/CHF
3438,THBRUB=X,THB/RUB
3439,THBVEF=X,THB/VEF
3440,TNDLTL=X,TND/LTL
3441,TWDHUF=X,TWD/HUF
3442,TRYCNY=X,TRY/CNY
3443,TWDAUD=X,TWD/AUD
3444,TNDIDR=X,TND/IDR
3445,TWDMYR=X,TWD/MYR
3446,THBZWL=X,THB/ZWL
3447,TNDNZD=X,TND/NZD
3448,TTD=X,USD/TTD
3449,THBBRL=X,THB/BRL
3450,THBKWD=X,THB/KWD
3451,TWDAED=X,TWD/AED
3452,TRYOMR=X,TRY/OMR
3453,TNDZAR=X,TND/ZAR
3454,THBPLN=X,THB/PLN
3455,THBCOP=X,THB/COP
3456,TWDISK=X,TWD/ISK
3457,TRYCAD=X,TRY/CAD
3458,TRYNOK=X,TRY/NOK
3459,THBBMD=X,THB/BMD
3460,TWDIDR=X,TWD/IDR
3461,TWDKWD=X,TWD/KWD
3462,THBQAR=X,THB/QAR
3463,TRYLVL=X,TRY/LVL
3464,TMTUSD=X,TMT/USD
3465,TNDHUF=X,TND/HUF
3466,THBBOB=X,THB/BOB
3467,THBMXN=X,THB/MXN
3468,TNDAED=X,TND/AED
3469,TRYTHB=X,TRY/THB
3470,TRYAUD=X,TRY/AUD
3471,TTDXDR=X,TTD/XDR
3472,TWDQAR=X,TWD/QAR
3473,TRYEGP=X,TRY/EGP
3474,THBPKR=X,THB/PKR
3475,THBSEK=X,THB/SEK
3476,TNDKWD=X,TND/KWD
3477,THBNOK=X,THB/NOK
3478,TRYISK=X,TRY/ISK
3479,TRYJOD=X,TRY/JOD
3480,TRYHKD=X,TRY/HKD
3481,THBKES=X,THB/KES
3482,THBJOD=X,THB/JOD
3483,THBLKR=X,THB/LKR
3484,TNDKES=X,TND/KES
3485,TNDSGD=X,TND/SGD
3486,TTDUSD=X,TTD/USD
3487,TWDZAR=X,TWD/ZAR
3488,TRYMYR=X,TRY/MYR
3489,TRYCLP=X,TRY/CLP
3490,TNDINR=X,TND/INR
3491,TTDEUR=X,TTD/EUR
3492,TRYCZK=X,TRY/CZK
3493,TRYIDR=X,TRY/IDR
3494,TWDPHP=X,TWD/PHP
3495,TRY=X,USD/TRY
3496,THBBHD=X,THB/BHD
3497,THBCZK=X,THB/CZK
3498,THBHUF=X,THB/HUF
3499,THBUYU=X,THB/UYU
3500,TOPGBP=X,TOP/GBP
3501,TNDMUR=X,TND/MUR
3502,TNDGBP=X,TND/GBP
3503,TRYTND=X,TRY/TND
3504,TWDPKR=X,TWD/PKR
3505,TRYNZD=X,TRY/NZD
3506,TRYRUB=X,TRY/RUB
3507,THBLVL=X,THB/LVL
3508,TRYPHP=X,TRY/PHP
3509,TNDNOK=X,TND/NOK
3510,TNDKRW=X,TND/KRW
3511,TND=X,USD/TND
3512,TNDCHF=X,TND/CHF
3513,TJS=X,USD/TJS
3514,TWDCAD=X,TWD/CAD
3515,TWDEGP=X,TWD/EGP
3516,TNDHKD=X,TND/HKD
3517,THBMAD=X,THB/MAD
3518,TWDTND=X,TWD/TND
3519,TNDEUR=X,TND/EUR
3520,TWDDKK=X,TWD/DKK
3521,TWDOMR=X,TWD/OMR
3522,TOPCHF=X,TOP/CHF
3523,THBARS=X,THB/ARS
3524,TRYSEK=X,TRY/SEK
3525,TWDCHF=X,TWD/CHF
3526,TNDCNY=X,TND/CNY
3527,TNDPLN=X,TND/PLN
3528,THBCNY=X,THB/CNY
3529,TWDRUB=X,TWD/RUB
3530,TNDUSD=X,TND/USD
3531,THBSAR=X,THB/SAR
3532,THBCLP=X,THB/CLP
3533,TRYHUF=X,TRY/HUF
3534,TWDTHB=X,TWD/THB
3535,THBMUR=X,THB/MUR
3536,TWDSEK=X,TWD/SEK
3537,THBXDR=X,THB/XDR
3538,TRYQAR=X,TRY/QAR
3539,TWDCZK=X,TWD/CZK
3540,THBPEN=X,THB/PEN
3541,TRYMUR=X,TRY/MUR
3542,TRYSGD=X,TRY/SGD
3543,THBMYR=X,THB/MYR
3544,THBINR=X,THB/INR
3545,TOPUSD=X,TOP/USD
3546,TWDJPY=X,TWD/JPY
3547,TWDMUR=X,TWD/MUR
3548,TRYPLN=X,TRY/PLN
3549,THBILS=X,THB/ILS
3550,TNDJPY=X,TND/JPY
3551,TWDTRY=X,TWD/TRY
3552,TNDTRY=X,TND/TRY
3553,TRYMXN=X,TRY/MXN
3554,TWDINR=X,TWD/INR
3555,THBUSD=X,THB/USD
3556,TNDQAR=X,TND/QAR
3557,THBZAR=X,THB/ZAR
3558,TNDOMR=X,TND/OMR
3559,TRYSAR=X,TRY/SAR
3560,TWDEUR=X,TWD/EUR
3561,TWDPLN=X,TWD/PLN
3562,THBTND=X,THB/TND
3563,TOP=X,USD/TOP
3564,TRYLTL=X,TRY/LTL
3565,TJSCHF=X,TJS/CHF
3566,THBJPY=X,THB/JPY
3567,TTDDKK=X,TTD/DKK
3568,TWDLVL=X,TWD/LVL
3569,THBHKD=X,THB/HKD
3570,TWDNOK=X,TWD/NOK
3571,TZSINR=X,TZS/INR
3572,TRYKRW=X,TRY/KRW
3573,THB=X,USD/THB
3574,TNDMXN=X,TND/MXN
3575,THBGBP=X,THB/GBP
3576,TNDMAD=X,TND/MAD
3577,ZWL=X,USD/ZWL
3578,XOF=X,USD/XOF
3579,XCD=X,USD/XCD
3580,VND=X,USD/VND
3581,UZS=X,USD/UZS
3582,UYUBRL=X,UYU/BRL
3583,UYUBOB=X,UYU/BOB
3584,UGXXOF=X,UGX/XOF
3585,UAHUSD=X,UAH/USD
3586,UYUGBP=X,UYU/GBP
3587,UGXANG=X,UGX/ANG
3588,UAH=X,USD/UAH
3589,UGXTND=X,UGX/TND
3590,UGXBMD=X,Uganda Shilling (b) vs Bermuda
3591,UGXDKK=X,UGX/DKK
3592,UGXIDR=X,UGX/IDR
3593,UGXISK=X,UGX/ISK
3594,UYUVEF=X,UYU/VEF
3595,UGXBRL=X,UGX/BRL
3596,UGXZWL=X,UGX/ZWL
3597,UYUMXN=X,UYU/MXN
3598,ZAR=X,USD/ZAR
3599,UGXCNH=X,UGX/CNH
3600,UGXHKD=X,UGX/HKD
3601,UGXTHB=X,UGX/THB
3602,UGXZMW=X,UGX/ZMW
3603,UGXRSD=X,UGX/RSD
3604,UYUCLP=X,UYU/CLP
3605,UGXMYR=X,UGX/MYR
3606,UAHGBP=X,UAH/GBP
3607,UGXJPY=X,UGX/JPY
3608,UGXLKR=X,UGX/LKR
3609,UYUCOP=X,UYU/COP
3610,UYUPEN=X,UYU/PEN
3611,UGXINR=X,UGX/INR
3612,UGXNZD=X,UGX/NZD
3613,UGXZAR=X,UGX/ZAR
3614,UGXEGP=X,UGX/EGP
3615,UYUUSD=X,UYU/USD
3616,UGXSGD=X,UGX/SGD
3617,UYUCHF=X,UYU/CHF
3618,UGXKYD=X,UGX/KYD
3619,ZMW=X,USD/ZMW
3620,UGXTWD=X,UGX/TWD
3621,UGXTOP=X,UGX/TOP
3622,UGXCZK=X,UGX/CZK
3623,UAHEUR=X,UAH/EUR
3624,UAHCHF=X,UAH/CHF
3625,UGXMXN=X,UGX/MXN
3626,UGXNOK=X,UGX/NOK
3627,UGXHUF=X,UGX/HUF
3628,UGXARS=X,UGX/ARS
3629,UGXBWP=X,UGX/BWP
3630,UGXOMR=X,UGX/OMR
3631,VUV=X,USD/VUV
3632,UGXGHS=X,UGX/GHS
3633,UGXRON=X,UGX/RON
3634,UYUPYG=X,UYU/PYG
3635,XDR=X,USD/XDR
3636,UGXPKR=X,UGX/PKR
3637,USD=X,USD/USD
3638,UGXMWK=X,UGX/MWK
3639,YER=X,USD/YER
3640,UGXBDT=X,UGX/BDT
3641,UYUTHB=X,UYU/THB
3642,WST=X,USD/WST
3643,UGXBGN=X,UGX/BGN
3644,XPF=X,USD/XPF
3645,UGXWST=X,UGX/WST
3646,UGXVND=X,UGX/VND
3647,UGXKRW=X,UGX/KRW
3648,UGXKES=X,UGX/KES
3649,UGXMUR=X,UGX/MUR
3650,UGXCOP=X,UGX/COP
3651,UGXSBD=X,UGX/SBD
3652,UGXTZS=X,UGX/TZS
3653,UGXNGN=X,UGXNGN=X
3654,UAHCZK=X,UAH/CZK
3655,UGXCLP=X,UGX/CLP
3656,UGXPHP=X,UGX/PHP
3657,UGXRWF=X,UGX/RWF
3658,UGXRUB=X,UGX/RUB
3659,UGXTRY=X,UGX/TRY
3660,UGXILS=X,UGX/ILS
3661,UGX=X,USD/UGX
3662,UYUEUR=X,UYU/EUR
3663,UGXKZT=X,UGX/KZT
3664,UYU=X,USD/UYU
3665,UGXAUD=X,UGX/AUD
3666,UGXNAD=X,UGX/NAD
3667,UYUARS=X,UYU/ARS
3668,VEF=X,USD/VEF
3669,XAF=X,USD/XAF
3670,UGXFJD=X,UGX/FJD
3671,UGXAFN=X,UGX/AFN
3672,VUVUYU=X,VUV/UYU
3673,VUVBOB=X,VUV/BOB
3674,VNDJPY=X,VND/JPY
3675,VEFUSD=X,VEF/USD
3676,VEFARS=X,VEF/ARS
3677,VUVMAD=X,VUV/MAD
3678,VEFPEN=X,VEF/PEN
3679,VUVEGP=X,VUV/EGP
3680,VEFMXN=X,VEF/MXN
3681,VEFXDR=X,VEF/XDR
3682,VUVCHF=X,VUV/CHF
3683,VEFCHF=X,VEF/CHF
3684,VUVZAR=X,VUV/ZAR
3685,VUVCLP=X,VUV/CLP
3686,VEFCAD=X,VEF/CAD
3687,VUVCOP=X,VUV/COP
3688,VEFCLP=X,VEF/CLP
3689,VEFBRL=X,VEF/BRL
3690,VEFBOB=X,VEF/BOB
3691,VEFPYG=X,VEF/PYG
3692,VNDKRW=X,VND/KRW
3693,VEFCOP=X,VEF/COP
3694,VUVEUR=X,VUV/EUR
3695,VUVUSD=X,VUV/USD
3696,VUVVEF=X,VUV/VEF
3697,VUVGBP=X,VUV/GBP
3698,VUVILS=X,VUV/ILS
3699,VUVNGN=X,VUV/NGN
3700,VUVARS=X,VUV/ARS
3701,VUVMUR=X,VUV/MUR
3702,VUVJOD=X,VUV/JOD
3703,VUVZWL=X,VUV/ZWL
3704,VEFTHB=X,VEF/THB
3705,VUVPEN=X,VUV/PEN
3706,VUVSAR=X,VUV/SAR
3707,VUVMXN=X,VUV/MXN
3708,VUVBMD=X,VUV/BMD
3709,VEFEUR=X,VEF/EUR
3710,VUVCAD=X,VUV/CAD
3711,VUVBRL=X,VUV/BRL
3712,VEFGBP=X,VEF/GBP
3713,VUVAED=X,VUV/AED
3714,VEFUYU=X,VEF/UYU
3715,WSTEUR=X,WST/EUR
3716,WSTUSD=X,WST/USD
3717,WSTGBP=X,WST/GBP
3718,WSTCHF=X,WST/CHF
3719,ZARUSD=X,ZAR/USD
3720,XOFGHS=X,XOF/GHS
3721,XDRGBP=X,XDR/GBP
3722,XCDEUR=X,XCD/EUR
3723,XAFDKK=X,XAF/DKK
3724,XDRUSD=X,XDR/USD
3725,XPFEUR=X,XPF/EUR
3726,XPFCAD=X,XPF/CAD
3727,XPFUSD=X,XPF/USD
3728,ZARCHF=X,ZAR/CHF
3729,XCDUSD=X,XCD/USD
3730,ZAREUR=X,ZAR/EUR
3731,XDRDKK=X,XDR/DKK
3732,XPFCHF=X,XPF/CHF
3733,XDRNOK=X,XDR/NOK
3734,XPFGBP=X,XPF/GBP
3735,XCDCAD=X,XCD/CAD
3736,XOFDKK=X,XOF/DKK
3737,XCDCHF=X,XCD/CHF
3738,XDREUR=X,XDR/EUR
3739,XCDDKK=X,XCD/DKK
3740,XCDGBP=X,XCD/GBP
3741,YERTHB=X,YER/THB
3742,ZARTWD=X,ZAR/TWD
3743,ZARRSD=X,ZAR/RSD
3744,ZARMUR=X,ZAR/MUR
3745,ZARLSL=X,ZAR/LSL
3746,ZARHRK=X,ZAR/HRK
3747,ZARKRW=X,ZAR/KRW
3748,ZARMWK=X,ZAR/MWK
3749,ZARPLN=X,ZAR/PLN
3750,ZARAOA=X,ZAR/AOA
3751,ZMWCAD=X,ZMW/CAD
3752,ZARISK=X,ZAR/ISK
3753,ZARINR=X,ZAR/INR
3754,ZMWEUR=X,ZMW/EUR
3755,ZARILS=X,ZAR/ILS
3756,ZAREGP=X,ZAR/EGP
3757,ZARPHP=X,ZAR/PHP
3758,ZARLVL=X,ZAR/LVL
3759,ZMWCHF=X,ZMW/CHF
3760,ZARXDR=X,ZAR/XDR
3761,ZARCNY=X,ZAR/CNY
3762,ZMWDKK=X,ZMW/DKK
3763,ZARSZL=X,ZAR/SZL
3764,ZARBRL=X,ZAR/BRL
3765,ZARPKR=X,ZAR/PKR
3766,ZARIDR=X,ZAR/IDR
3767,ZARLKR=X,ZAR/LKR
3768,ZARTRY=X,ZAR/TRY
3769,ZARBWP=X,ZAR/BWP
3770,ZARNGN=X,ZAR/NGN
3771,ZARLTL=X,ZAR/LTL
3772,ZMWUSD=X,ZMW/USD
3773,ZARRUB=X,ZAR/RUB
3774,ZMWJPY=X,ZMW/JPY
3775,ZARGHS=X,ZAR/GHS
3776,ZARDKK=X,ZAR/DKK
3777,ZARSCR=X,ZAR/SCR
3778,ZARCZK=X,ZAR/CZK
3779,ZARSAR=X,ZAR/SAR
3780,ZARKWD=X,ZAR/KWD
3781,ZARUGX=X,ZAR/UGX
3782,ZMWGBP=X,ZMW/GBP
3783,ZARHUF=X,ZAR/HUF
3784,ZARKES=X,ZAR/KES
3785,ZARTND=X,ZAR/TND
3786,ZARCLP=X,ZAR/CLP
3787,ZARMXN=X,ZAR/MXN
3788,ZARAED=X,ZAR/AED
3789,ZARMAD=X,ZAR/MAD
3790,ZAROMR=X,ZAR/OMR
3791,ZARTHB=X,ZAR/THB
3792,ZARQAR=X,ZAR/QAR
3793,ZARUAH=X,ZAR/UAH
3794,ZARJOD=X,ZAR/JOD
